hotel_id,title,score,stay_date,positive,negative
25,PlÄƒcut,8,iunie 2025,CurÄƒÈ›enia,"Nu are frigider, pahare de apÄƒ"
25,ExcepÅ£ional,10,iunie 2025,Am revenit cu plÄƒcere in acesta locaÈ›ie.,Un mini frigider ar prinde foarte bine.
25,Excelent,10,iunie 2025,"LocaÈ›ia
Parcarea gratuita
Cele mai bune restaurante imediat Ã®n apropiere",Un mic frigider Ã®n camera ar fi binevenit.
25,Ok pentru o noapte,9,aprilie 2025,"Loc de parcare in fata, locatie centrala, camera foarte ok si comfortabila.",Izolatie fonica 0. Se aude tot afara de la ultimul etaj camera spre strada. Cosul de gunoi din baie neschimbat
25,Recomand!,10,mai 2025,"Locatia se afla intr-o zona accesibila, oferind parcare privata.
Spatiul de cazare a fost  curat si aerisit, la ferestra sunt montate plase pt tantati iar aparatul de aer conditionat este functional.
Lenjeria si prosoapele au fost impecabile.
Raportul pret-calitate este foarte bun.
Recomand cu incredere.",Nu sunt aspecte de mentionat.
25,ExcepÅ£ional,10,mai 2025,LocaÈ›ia excelenta .,
25,Superb,9,aprilie 2025,CurÄƒtenia interioarÄƒ.,"1.Televizorul defect cu imagine execrabilÄƒ
2. Elementele de securitate ptr.accesarea camerei mult prea multe, sofisticate si obositoare ptr.o clÄƒdire situatÄƒ chiar la strada principalÄƒ (cifru, cutie chei,  coduri acces, cartela acces usÄƒ clÄƒdire, cod acces camerÄƒ...)."
25,ExcepÅ£ional,10,mai 2025,A fost liniÈ™te.,
25,"structura ok, recomand",10,aprilie 2025,"locatie ok, practic nou, curatenie foarte buna, pentru mine perfect","scara, cam ingusta si, sa urci la 3 cu geamta, cam incomod."
25,Superb,9,martie 2025,"La general totul a fost f bine, nr curat, amplasarea pu noi ideala",Un pic nu comod in baie e mica si apa curgea f incet in dus
25,Recomand locatia3,10,martie 2025,"Curatenie - excelent
Confort pat - excelent
Parcare in fata propietatii",Doar 1 noptiera
25,Superb,9,martie 2025,CurÄƒÈ›enia,Camera È™i baia extrem de mici
25,"Recomand, foarte frumos",10,martie 2025,"Locatia este linistita, frumoasa, aproape de centru,locul de parcare excelent, camera foarte draguta.",
25,Superb,9,martie 2025,"Totul perfect, locatie buna, parcare, curatenie, self check in",Un singur minus cu apa de la dus care nu are deloc presiune
25,"Spectacol-Circul Globus,cazare  Davidâ€™s superb!!!",10,martie 2025,"UÈ™or de gÄƒsit (la stradÄƒ),accesul Ã®n interior foarte safe,curÄƒÈ›enie È™i cÄƒldurÄƒ super!!!",
25,ExcepÅ£ional,10,ianuarie 2025,,Masina blocata de o doamna care Ã®È™i fÄƒcea un tratament È™i avea pretenÈ›ia sa fie aÈ™teptatÄƒ pana termina..
25,"Camera este foarte curatÄƒ , dar nu are facilitÄƒÈ›i suficiente pentru acest preÈ›",8,februarie 2025,CurÄƒÈ›enie È™i receptivitate administrator care a ajutat cu locul de parcare È™i checkin mai devreme cu o orÄƒ .,"La camera cu fereastrÄƒ spre stradÄƒ se aude destul de tare zgomotul din trafic . Lipsa frigider , unui fierbÄƒtor pt ceai . Pernele ar putea fi mai comfortabile ."
25,ExcepÅ£ional,10,februarie 2025,"CurÄƒÈ›enia, confortul, parcarea.",---
25,ExcepÅ£ional,10,ianuarie 2025,Foarte curat,
25,ExcepÅ£ional,10,ianuarie 2025,"Totul nou,modern si curat.Acces facil,self check-in. Recomandam!",Nimic de adaugat.
25,ExcepÅ£ional,10,decembrie 2024,"Cladire noua,camera curata,baia impecabila,fara mirosuri,lenjerie si prosoape curate,parcare in fata locatiei,self check-in facil.",Nu a existat nimic care sa nu-mi fi placut insa o masuta pe terasa ar fi adus un plus.
25,A fost excelent!,10,decembrie 2024,"Am fost plÄƒcut surprinsÄƒ ca este aproape de centru, cu loc de parcare È™i a fost foarte curat È™i confortabil.",Nu a fost cazul
25,ExcepÅ£ional,10,noiembrie 2024,"Curat,pat confortabilt,intim si modern ,self check-in,cladire noua.",Totul a fost in regula
25,ExcepÅ£ional,10,decembrie 2024,"Totul a fost foarte bine, curÄƒÈ›enie, loc de parcare Ã®n faÈ›a clÄƒdirii. Personal amabil, dispus sÄƒ rÄƒspundÄƒ rapid la orice Ã®ntrebare.",
26,In buricul tirgului,10,ianuarie 2025,"Tot perfect, proaspat reinoit, in centru, peste asteptariile mele",Parcare poate fi o problema in zona
26,lux,10,decembrie 2024,camera È™i baia foarte mare  lux,totul  e la superlativ
26,revin,10,decembrie 2024,"locaÈ›ie, design",-
26,Foarte bine,8,septembrie 2024,Bun.,
26,Weekend Bucuresti,10,septembrie 2024,"Camera, pernele foarte comode, locatia","Pentru familiile cu copii, Ã®n weekend seara e puÈ›in cam galagie."
26,ExcepÅ£ional,10,iulie 2024,"Pozitionarea hotelului in centru vechi, camera si baia foarte mari, curÄƒÈ›enie, minibar free. Totul perfect! Recomand!",
26,Foarte bine,8,mai 2024,Locatia excelenta,"Ca nu are balcon
Tastatura de la intrarea in camera nu functiona corespunzator, greu pana a luat codul, am cam stat pe la usa.."
26,Totul la superlativ.,10,mai 2024,"CurÄƒÈ›enia , decorul , amplasarea vilei.",-
26,Un hotel super pentru persoanele care merg la somn dupa ora 1.,9,mai 2024,"Totul a fost curat, frumos, modern.","Pentru persoanele care doresc liniste, nu este indicat. Pana la ora 1, 2 noaptea se aude muzica din puburile de la parter, ca si cum ar fi in camera."
26,super,10,martie 2024,totul,
26,Fabulos,10,februarie 2024,"Un hotel minunat, inedit, mic dejun excelent. Foarte curat, o baie imensÄƒ, duÈ™ grozav, ai la dispozitie tot ce ai avea nevoie in deplasare.",Nu este cazul.
26,Sedere minunata in centrul Bucurestiului,10,februarie 2024,"Camera cu design moderm si culori vii, baie mare  si moderna, mini bar inclus, mic dejun f bun in restaurantul de jos, personal super amabil si la hotel si la restaurant","Noaptea la Ganesha muzica era la maxim, la 4 dimineata, chemand politia s au calmat"
26,Un loc de sufletâ¤,10,februarie 2024,"Ne-a plÄƒcut totul, un loc minunat! Camera spaÈ›ioasÄƒ, curata, dotata cu absolut tot ce-ai putea avea nevoie. Baia enorma, totul viu colorat cu un design deosebit È™i cu foarte mare atenÈ›ie la detalii. Ne-am simÈ›it extraordinar È™i recomandam cu drag atat pentru poziÈ›ia excelentÄƒ cÃ¢t È™i pentru starea de bine pe care am avut-o pe parcursul celor douÄƒ zile petrecute Ã®n acest hotel.",
26,Foarte bine,8,ianuarie 2024,"Acces usor prin cod, multa culoare in camera, cada si dus, atentii minibar gratuite, cafea, curat","Faptul ca pe pat era doar un cearsaf si a trebuit sa bag eu pilota in el, ea fiind in dulap in luna ianuarie"
26,Colori in ianuarie,10,ianuarie 2024,"Culorile camerei, cordialitatea personalului, zona, liniÈ™tea",CÄƒ nu sunt rafturi in zona joasa a È™ifonierului!
26,Elegant È™i RelaxantÄƒ LocaÈ›ie ğŸ˜Š,10,noiembrie 2023,Foarte elegantÄƒ camera,
26,ExcepÅ£ional,10,Aug-23,"A fost perfect,  exact ce ne-am dorit. MulÈ›umim gazdelor!",-
26,Nota 10,10,iulie 2023,Tot.,Parcare
26,Cazare foarte ok !,9,mai 2023,"camera curatÄƒ, micul dejun bun, personalul foarte ok , camera complet utilatÄƒ, baia foarte spaÈ›ioasÄƒ, locaÈ›ie foarte aproape de unde aveam treaba",am avut o camera care avea baia deasupra unei terasa È™i se auzea puÈ›i la gÄƒlÄƒgia de la terasa
26,Primul 10 curat din sute de hoteluri vizitate !,10,mai 2023,"Absolut totul ...oricat de carcotas ai putea fi nu ai ce  cusur sa gasesti. Liniste , confort, curatenie .",Ca a trebuit sa plec ...
26,Raport calitate/pret excelent- aproape de 5 stele,10,mai 2023,"Camera si baia sunt foarte mari si dotate performant, locatie ultracentrala,curatenie,foarte bun raport calitate/pret pentru Bucuresti, ape, sucuri, bere, alune si altele gratuit in minibar. Camera (si baia) in care am stat, cu mici ajustari de functionalitate se apropie de una de 5 stele.","Sfaturi: salteaua ar putea fi inlocuita, are unele denivelari si cadere pe partea patului dinspre usa. Cand faci dus curge apa pe sub usile glisante.Se pot monta si doua pahare pentru pus periuta, pasta de dinti sau aparatul de ras.S-ar putea pune si o patura de rezerva in dulap.Cu aceste ajustari de functionalitate ajungeti usor la 5 stele."
26,Superb,9,aprilie 2023,"LocaÈ›ie, amenajare È™i curÄƒÈ›enie",Controlul temperaturii in camera
26,ExcepÅ£ional,10,martie 2023,"Chiar daca locatia este super centrala este foarte liniste. Curatenie exemplara, camere spatioase si par foarte comod.",
26,Superb,9,martie 2023,LocaÈ›ie È™i curatenie,Zgomot nu doar seara dar È™i din.ineata datorita personalului prea matinal
27,ExcepÅ£ional,10,iunie 2025,O cazare excelenta!,
27,"Nu am primit apartamentul King, dar nu a fost asta o problema. Per total, hotelul e foarte bun",9,mai 2025,Un hotel foarte bun,"In camera era numai un set de prosoape, pentru o persoanÄƒ,  noi fiind doi."
27,Superb,9,mai 2025,Din  pacate nu au mic dejun. Asta ar fi singurul minus.,
27,Superb,9,mai 2025,Aproape totul conform asteptarilor noastre.,"Singura problema este parcarea, din pacate nu este disponibila tot timpul pe perioada sejurului, trebuie sa ai noroc sa gasesti un loc liber si daca vii la ore tarzii nu ai nicio sansa da gasesti un loc disponibil, iar in imprejurimi este aproape imposibil sa gasesti un loc disponibil chiar cu plata."
27,ExcepÅ£ional,10,mai 2025,totul a fost perfect,nimic de obiectat!
27,ExcepÅ£ional,10,mai 2025,"F curat totul , personalul amabil, cu siguranÈ›Äƒ voi reveni",
27,"multumesc, ma voi intoarce",10,aprilie 2025,"Curat si spatios; este tot ce e necesar si in cazul in care mai este nevoie de ceva , se poate cere si se va primi. Multumesc",nu este bine antifonat dar nu foarte deranjant
27,ExcepÅ£ional,10,aprilie 2025,"Camera, personal, curÄƒÈ›enie, liniste","Nu pot sa spun ce nu mi-a plÄƒcut, pentru cÄƒ totul a fost super."
27,ExcepÅ£ional,10,aprilie 2025,Receptionera Ã  fost foarte amabilÄƒ.,
27,Foarte bine,8,martie 2025,"Mi-a plÄƒcut locatia, personalul amabil.","Canapeaua mica, incomoda, patul mic. Nu prea au loc 4 persoane. Nu mi se pare de 4 stele. Ai minimum de strict necesar."
27,Foarte bine,8,aprilie 2025,"Este curat, comod, bine dotat. Personal amabil.","Parcarea este mica, nu am gasit loc 
Nu sunt veioze"
27,Foarte ok raport calitate pret,9,aprilie 2025,"Singurul lucru care nu mi a plÄƒcut se aude  de pe scara È™i de sus (dar nu te trezeÈ™te din somn ) . Ãn rest totul super ok.  Eu o sa mai vin sÄƒptÄƒmÃ¢na viitoare iar ca este aproape de maternitate. Aaa È™i as fi vrut tv Ã®n dormitor (am avut apartament) dar nu e rau nici asa stai Ã®n living iar cÃ¢nd Ã®È›i este somn mergi la somn. 
Per total nota 9 o sa mai vin cu drag Ã®napoi",
27,ExcepÅ£ional,10,aprilie 2025,"Frumos, curat, foarte amabili. Revin cu drag de fiecare datÄƒ.",
27,Liniste si confort,10,aprilie 2025,Amplasarea si faptul ca exista parcare. Personal foarte amabil. In apropiere este un restaurant foarte bun: Potcoava.,
27,"Per total a fost in regula, si daca voi mai avea ocazia, voi reveni.",8,martie 2025,"Nu se ofera mic dejun, doar cafea in camera. Din punctul meu de vedere locatia a fost buna, fiind aproape de locul unde trebuia sa ajung.","Am avut un apartament cu dormitor, living si bucatarie. Livingul a fost mare si spatios,bucataria le fel, bine echipata, dar dormitorul mic, practic patul ocupa tot dormitorul, nefiind loc intre pat si perete si nici macar loc pentru cate o noptiera la capatul patului. De asemenea as recomanda schimbarea farfuriilor, sau macar completarea cu unele mai mici, care sa incapa in cuptorul cu microunde...altfel acesta nu se poate intrebuinta."
27,ExcepÅ£ional,10,mai 2025,,
27,ExcepÅ£ional,10,mai 2025,,
27,ExcepÅ£ional,10,mai 2025,,
27,Superb,9,aprilie 2025,,
27,Foarte bine,8,aprilie 2025,,
27,ExcepÅ£ional,10,mai 2025,,
27,ExcepÅ£ional,10,mai 2025,,
27,ExcepÅ£ional,10,aprilie 2025,,
27,ExcepÅ£ional,10,aprilie 2025,,
28,ExcepÅ£ional,10,iunie 2025,"Personal politicos,atent,serviabil 
CurÄƒÈ›enie exemplarÄƒ Mic dejun excelent.
O alegere inspirata",
28,Recomand,9,iunie 2025,Hotelul este bine amplasat si dispune de toate facilitatile.,Zgomotul care se aude de la circulatia de pe bulevard. Geamuri mai antifonate ar trebui.
28,Relaxare si rasfat intr-o perioada in care chiar aveam nevoie de asa ceva.,10,iunie 2025,"Mic dejun excelent. Camere curate, spatioase si confortabile, saltea foarte buna, Personalul la inaltime, ca de obicei.
Va multumim pentru gazduire, ramanem fideli oaspeti ai dv.",
28,Excelent,10,mai 2025,"Personalul deosebit de amabil È™i prompt, curÄƒÈ›enia, lenjeria impecabilÄƒ, salteaua È™i pernele confortabile, 
Micul dejun este suficient de variat iar restaurantul este Ã®n regulÄƒ. 
Ãntr-o searÄƒ la cinÄƒ am Ã®ncercat muÈ™chiul de vitÄƒ care a fost medium-rare fÄƒcut perfect. OspÄƒtarul mi-a zis cÄƒ au muÈ™chi maturat È™i aÈ™a am avut È™i eu senzaÈ›ia. Servirea la restaurant este ireproÈ™abilÄƒ.
Vom reveni.",Nu a fost cazul. Am fost cazat de mai multe ori la acest hotel È™i nu am fost niciodatÄƒ dezamÄƒgit.
28,ExcepÅ£ional,10,mai 2025,"LocaÈ›ia, curÄƒÈ›enia, micul dejun, lenjeria, prosoapele.",Nu am nimic.
28,Asa cum trebuie,9,mai 2025,"Conditii foarte bune, curatenie exemplara. Restaurantul impecabil,
 atat calitatea produselor cat si servirea.",Putin cam mult zgomot de la traficul din zona.
28,ExcepÅ£ional,10,mai 2025,"Deosebit de amabil personalul,curatenie ,lux!",
28,Superb,9,mai 2025,"CurÄƒÈ›enia,  personal amabil, comunicativ",
28,Practic.,9,mai 2025,"Practic,parcare,personal ok.","Ãnvechit,frigiderul fÄƒrÄƒ apÄƒ sau alte rÄƒcoritoare. De fiecare datÄƒ cÄƒnd am fost la acest hotel cÄƒdiÈ›a este Ã®nfundatÄƒ. Salteaua este Ã®nvechitÄƒ È™i foarte moale."
28,Hotel la pret corect!,9,aprilie 2025,"Personalul hotelului de nota 10!
Miros placut in camera.
Raport pret- calitate, foarte bun!",
28,Superb,9,aprilie 2025,"Curat, personal politicos È™i serviabil,  camera spaÈ›ioasÄƒ, baie bine organizatÄƒ.",Canapele inadecvate Ã®n restaurant. Mult prea joase faÈ›Äƒ de mese.
28,ExcepÅ£ional,10,aprilie 2025,"Personalul foarte amabil ,primitor, curÄƒÈ›enie, mic dejun delicios,aproape de Promenada,foarte multe facilitati Ã®n zonÄƒ
Este un domn care atat de frumos vine lÃ¢ngÄƒ mese la micul dejun È™i Ã®ntreabÄƒ respectuos cum am dormit dacÄƒ este totul bine dacÄƒ mai dorim sa ne serveascÄƒ cu ceva deÈ™i este self service,ei te servesc doar cu apa,suc,cafea,ceai. Foarte drÄƒguÈ›. Am fost foarte mulÈ›umiÈ›i",
28,"Personal foarte amabil, curatenie impecabila! Recomand acest hotel!",10,aprilie 2025,Pozitie buna!,
28,ExcepÅ£ional,10,aprilie 2025,"LocaÈ›ia este foarte bunÄƒ, hotelul foarte curat È™i personalul atent È™i foarte amabil. La primire am fost aÈ™teptaÈ›i cu un apartament Ã®n loc de o camera dubla È™i cu o mica atenÈ›ie din partea hotelului.
Mic dejun fabulos cu produse de calitate. Personalul ne-a servit la masa cu apa suc È™i cafea.",
28,Un hotel ok,9,martie 2025,"Lipsa apei potabile din camera, fara minibar.",
28,Excelent!,10,martie 2025,"Ne-a plÄƒcut totul- locaÈ›ia exclentÄƒ, curÄƒÈ›enia deosebitÄƒ, patul confortabil, ospitalitatea È™i seriozitatea personalului, restaurantul. VÄƒ mulÈ›umim pentru uprade-ul oferit È™i pentru surpriza plÄƒcutÄƒ care ne aÈ™tepta Ã®n apartament (scrisoarea de bun venit scrisÄƒ de mÃ¢nÄƒ È™i sticla de vin). RecomandÄƒm tuturor acest hotel! Vom reveni cu drag la dvs!",Nu a fost nimic care sÄƒ nu ne placÄƒ!
28,"A fost un sejur excelent, mic dejun de 5* foarte diversificat",10,martie 2025,"Foarte curat, priveliste frumoasa",Nu a fost nimic care sa imi displaca
28,ExcepÅ£ional,10,martie 2025,"Dejunul fenomenal! 
Am mai scris review la acest hotel, totul este perfect curat, parcare in fata hotelului, atentie la detalii - insa tind sa mentionez ca dejunul este de 10 stele plus!",
28,ExcepÅ£ional,10,martie 2025,"Locatie curata, personal amabil",
28,Un sejur perfect!,10,februarie 2025,"Ne-a plÄƒcut totul: curÄƒÈ›enia, confortul deosebit, calitatea personalului, restaurantul.
MulÈ›umim pentru upgrade-ul oferit È™i pentru surpriza plÄƒcutÄƒ din apartament. 
RÄƒmÃ¢nem cu drag fideli hotelului dv.â¤ï¸",-
28,A fost un sejur plÄƒcut,9,februarie 2025,Locatia foarte buna.,CurÄƒÈ›enia cÄƒzii
28,Superb,9,noiembrie 2024,"Ca de obicei, o placere sa stau aici. Un lucru important pentru mine este si espresorul de cafea din camera. Micul dejun este variat si iti face placere sa interactionezi cu  personalul",Nimic
28,"Excelent!!
Aproape de punctele noastre de interes!",10,februarie 2025,Amabilitatea personalului È™i cafeaua.,-
28,Superb,9,decembrie 2024,"Camera de foarte mari dimensiuni
Util mobilatÄƒ",
29,ExcepÅ£ional,10,iunie 2025,Pozitionarea fata de gara si mijloace de transport un plus imens. De asemenea curatenia si micul dejun deosebite.,Nu are ce sa nu-mi placa.
29,ExcepÅ£ional,10,iunie 2025,Curat!,Poate ar trebuie mic dejun diversificat sau cel puÈ›in diferit Ã®n fiercare zi!
29,Totul a fost foarte bine.,10,mai 2025,Totul a fost foarte bine.,
29,Recomamd,10,mai 2025,Minunat,
29,Very good choice for a hotel in Bucharest,10,iunie 2025,Am revenit la acest hotel dupa 2 saptamani dupa prima experienta care a fost foarte placuta. Fiind aproape de Gara de Nord si metrou te poti deplasa catre aeroport si alte locatii din Bucuresti. Personal amabil si profesionist. Camera spatioasa si baia mare si curata. prezenta unui frigider in camera a fost un plus pentru acest hotel. Exista un restaurant excellent la hotel.,
29,O experienÈ›Äƒ placuta care ma determina sa recomand locaÈ›ia si sa revin cu proxima ocazie.,10,mai 2025,"Personal amabil,curÄƒÈ›enie,amplasare.",Nu am nimic de reprosat.
29,Definitely a choice for next stop to Budapest,10,mai 2025,Aproape de Gara de Nord si metrou. Personal amabil si profesionist. Camera spatioasa si baie curata.,
29,Voi reveni,10,mai 2025,"Amplasarea - la 50 de metri de metrou È™i la 150 de metri de Gara de Nord. 
ClÄƒdirea - Ã®ngrijitÄƒ. Camera - bine organizatÄƒ, cu tot ce Ã®È›i trebuie Ã®n perioada unui mic sejur.
Micul dejun - bun. 
Personal amabil, comunicare foarte bunÄƒ cu proprietatea.",
29,Totul a fost minunat!,10,aprilie 2025,Faptul ca am primit camera Ã®nainte de ora check-in.,Nu exista niciun aspect negativ!
29,Excelent,9,mai 2025,"Garsoniera mare, mic dejun echilibrat.",Lipsa balconului.
29,"Perfect lÃ¢ngÄƒ gara de nord,foarte curat,camera mare",10,mai 2025,"Perfect lÃ¢ngÄƒ gara de nord,foarte curat,camera mare",
29,Am plecat cu dorinÈ›a de a reveni.,10,mai 2025,Apartamentul Ã®n care am stat a fost PERFECT!,Nu este cazul.
29,Un sejur de vis,10,mai 2025,"Personal foarte amabil, curÄƒÈ›enie desÄƒvÃ¢rÈ™itÄƒ, amplasarea hotelului Ã®n apropierea gÄƒrii, loc de parcare plÄƒtit extra (parcarea publicÄƒ), mÃ¢ncare excelentÄƒ la restaurantul aferent.",N/A
29,ExcepÅ£ional,10,mai 2025,"Raportul calitate pret excelent. Foarte curat , mobilier nou, personalul deosebit de amabil. Pub-ul de la parter oferÄƒ o foarte buna alternativa pentru servirea mesei Ã®n cazul Ã®n care nu este timp pentru deplasÄƒri . Deasemenea foarte aproape de gara. Recomand acest hotel.",Nu exista ceva care sÄƒ nu fie placut.
29,Excelent,10,mai 2025,"Am avut o experienÈ›Äƒ foarte plÄƒcutÄƒ la Euro Hotel GriviÈ›a! Restaurantul hotelului este excelent â€“ mÃ¢ncare gustoasÄƒ, servire promptÄƒ È™i un ambient plÄƒcut. Micul dejun proaspÄƒt È™i foarte bine organizat. Recomand cu Ã®ncredere pentru un sejur confortabil Ã®n BucureÈ™ti!",
29,voi reveni mereu cu placere.,10,mai 2025,"foarte curat ,personal amabil , aproape de mijloace de transport",as fi vrut ca in camera sa fie doua scaune ..pentru doi oaspeti cazati.
29,O cazare foarte bunÄƒ!,10,aprilie 2025,"Curat, confortabil, spaÈ›ios, mÃ¢ncare bunÄƒ, personal amabil È™i posibilitatea sÄƒ-È›i laÈ™i bagajele dupÄƒ cek-out.
Apreciez cÄƒ au la minibar apÄƒ suficientÄƒ.",
29,Hotel excelent,9,aprilie 2025,"CurÄƒÈ›enie.
Raport preÈ› / calitate excelent",Totul ok.
29,O experienta foarte placuta!,9,aprilie 2025,"Curatenie excelenta, mic dejun foarte bun, personal foarte prientenos.",O masina de cafea/ceai ar fi fost apreciata ca si o sticla de apa free.
29,Superb,9,aprilie 2025,LocaÈ›ie curata È™i aproape de metrou,Totul a fost ok
29,De fiecare datÄƒ cÃ¢nd am drum prin Bucurrsti aleg Eurohotels si nu cred ca as schimba asta curand.,10,februarie 2025,Totul este Ã®n regulÄƒ-personal/curatenieâ€¦,
29,"Ospitalitate, amabilitate si foarte curat! Recomand!",10,aprilie 2025,"Un mic dejun perfect, varianta Continental, care m-a incantat forte mult si a fost pe gustul meu.
Calatorind cu trenul, a fost locatia perfecta, in proximitatea Garii de Nord.",
29,Cu mici imbunatatiri poate fi considerat un hotel foarte bun.,9,martie 2025,Foarte confortabil si primitor.,Mocheta ar trebui curatata mai temeinic iar mini-cuverturile inlocuite ( sunt degradate).
29,"Foarte curat, personal foarte amabil, camere ingrijite si curate! Pat confortabil! Hotelul este de 3 +",10,martie 2025,"Foarte aproape de Gara de Nord, pe jos 5 minute.",
30,ExcepÅ£ional,10,mai 2025,LocaÈ›ia grozavÄƒ; mÃ¢ncarea de la lounge excelentÄƒ; pat confortabil; liniste,Nu am aspecte negative de spus
30,È˜edere confortabilÄƒ Ã®n mijlocul capitalei,10,iunie 2025,Micul dejun grozav. Serviciile domniÈ™oarelor Georgia È™i Teodora de la recepÈ›ie impecabile. Au rezolvat cu profesionalism È™i zÃ¢mbet pe bune tot ce le-am solicitat. Micul dejun de la lounge excepÈ›ional.,Nu existÄƒ ceva care sÄƒ nu Ã®mi fi plÄƒcut.
30,Un hotel minunat,10,iunie 2025,"Am primit un upgrade al camerei la Junior Suite cu acces la Lounge, o camera mare, super-confortabila, patul este impecabil, pernele la fel, curatenie perfecta, baie bine utilata.","Accesul in parcarea hotelului este foarte simpla dar procesul de iesire a masinii din parcare este o intreaga poveste, a durat mai mult de 20 de minute dupa check-out, nu exista niciun fel de organizare in acest sens. Daca ai uitat un bagaj in masina in timpul sejurului trebie sa mergi la autoturism insotit de un angajat care detine o cartela de acces din hotel in parcarea hotelului, angajatul respectiv este de negasit in momentul in care ai nevoie de el, bariera de iesire din parcare se deschide tot de catre angajatul mai sus amntit, acesta vine la bariera, preia cartela de acces in parcare, reintra in hotel la receptie unde valideaza cartela si se intoarce cu ea in parcare, este o intreaga nebunie!! Pacat, problema parcarii este singura problema reala a acestui hotel si ar putea fi foarte simplu rezolvata daca turistul ar putea avea acces in parcare pe baza cartelei de acces in camera in timpul sejurului sau pe baza cartelei de acces in parcare la plecare. Un simplu cititor de bare plasat la accesul din hotel in parcare ar putea descuia usa respectiva. la check-out... sau un simpu interfon si o videocamera, legate la receptia hotelului... pacat!"
30,ExcepÅ£ional,10,mai 2025,Servicii excellente,
30,ExcepÅ£ional,10,mai 2025,"O experienÈ›Äƒ constant impecabilÄƒ la Radisson Blu BucureÈ™ti
CÄƒlÄƒtoresc destul de des, iar Ã®n timp am Ã®nvÄƒÈ›at sÄƒ apreciez locurile Ã®n care gÄƒsesc nu doar confort, ci È™i continuitate Ã®n calitatea serviciilor. De fiecare datÄƒ cÃ¢nd revin la Radisson Blu BucureÈ™ti, mÄƒ bucur de o camerÄƒ impecabilÄƒ, atent pregÄƒtitÄƒ pÃ¢nÄƒ Ã®n cel mai mic detaliu.
Micul dejun? Cu mÃ¢na pe inimÄƒ pot spune cÄƒ este cel mai bun servit vreodatÄƒ Ã®ntr-un hotel din RomÃ¢nia â€“ divers, proaspÄƒt È™i rafinat, o adevÄƒratÄƒ plÄƒcere pentru gusturi exigente.
AstÄƒzi, pentru prima datÄƒ, am simÈ›it nevoia sÄƒ las È™i o recenzie scrisÄƒ â€“ datoritÄƒ unei interacÈ›iuni care a fÄƒcut diferenÈ›a: È˜tefÄƒnia, de la recepÈ›ie, a fost deosebit de amabilÄƒ, caldÄƒ È™i profesionistÄƒ. Un astfel de gest meritÄƒ menÈ›ionat.
FelicitÄƒri Ã®ntregii echipe Radisson pentru excelenÈ›a constantÄƒ!",
30,Foarte bine,8,mai 2025,"Hotelul este amplest in plin centru, la mica distanta de Ateneul romÃ¢n.
Zona de recepÈ›ie È™i restaurant este renovatÄƒ. 
Personalul este deosebit de amabil È™i primitor. Noi am primit o camerÄƒ mai bunÄƒ, decÃ¢t cea pe care o rezervasem, lucru pentru care mulÈ›umim!","Camerele nu sunt renovate, sunt Ã®nvechite È™i nu corespund unui hotel de 5 stele.
Geamurile nu izoleazÄƒ termic È™i nici fonic zgomotele din stradÄƒ. Nu am putut dormi datoritÄƒ zgomotului ce se auzea din stradÄƒ, deÈ™i camera era la etajul 8."
30,Multumiri lui Alex,10,mai 2025,"Serviciu excelent, hotelul este frumos!",
30,Relaxare,10,mai 2025,"CurÄƒÈ›enia,ambianta de la intrare ,calitatea serviciilor. Recomand restaurantul Libanez mÃ¢ncare È™i servicii la superlativ.","Izolarea fonica,se aude destul de tare zgomotul strÄƒzii"
30,Excelent,10,aprilie 2025,LocaÈ›ia centralÄƒ cu acces la multe obiective,
30,ExcepÅ£ional,10,martie 2025,Amplasarea excelentÄƒ È™i chiar dacÄƒ este un hotel mare nu am simÈ›it agitaÈ›ia specificÄƒ din astfel de locaÈ›ii!,
30,Weekend Ã®n capitalÄƒ,9,martie 2025,"Camera curata, cu un pat dublu extra large, expunerea cÄƒtre stradÄƒ nu este avantajoasÄƒ, dar Ã®n weekend este mai puÈ›in trafic, micul dejun bogat È™i variat. Apreciez diversitatea meniului din restaurantele care funcÈ›ioneazÄƒ Ã®n cadrul hotelului. Vreau sÄƒ remarc È™i abilitatea barmanului de a prepara Cocktail-urile, Ã®l recomand pe cel pe bazÄƒ de pÄƒlincÄƒ, este incredibil, nu aÈ›i mai bÄƒut aÈ™a ceva.",
30,"itâ€s lovely, peaceful way to finish your trip",9,martie 2025,"mic dejun fabulos gasesti pt fiecare gust, vegetarieni, vegani mai putin lapte de migdale sau ovaz etc
angajati amabili , intelegatori si chiar ffff draguti in a rezolva orice problema incepand de la recptionieri pana la dnii valeti","asteptarea la telefon pana intri in legatura cu cineva din sistem, nu ai direct legatura spre un servici , exemplu restaurant, masaj etc 
iar pt roomservice mi se par preturile cam exagerate
un +/- din pacte nu sunt vorbitori de lb romana service in hotel
poate  este fff bine pt turisti dar cred ca este necesar si comunicare in lb oficiala romana"
30,"Un sejur OK, insa exact cum am spus preÈ›ul parcÄƒri È™i al camerei sunt mult mai mari faÈ›Äƒde ceea ce se ofera,",9,martie 2025,Ãn centru aproape de orice,"Lipsa halat/halate Ã®n camerÄƒ , preÈ›ul nu reflecta 
Parcare este cu platÄƒ mai scumpÄƒ ca la aeroport , mai ales find cazat aici , deci Ã®ncÄƒ un cost Ã®n plus ,"
30,ExcepÅ£ional,10,martie 2025,"Amabilitatea si disponibilitatea personalului
Dimensiunea si facilitatile camerei","A fost o persoana din personal, care ne-a vorbit doar in engleza, care in mod evident a fost deranjata de prezenta catelului.
Diversitatea produselor oferite in lounge a fost in scadere fata de trecut."
30,ExperienÈ›Äƒ plÄƒcutÄƒ,9,februarie 2025,"Lobbyul, restaurantele, micul dejun È™i locaÈ›ia. Hotelul este mare, frumos È™i foarte curat. Saltelele, pernele È™i lenjeria de pat exceptionale.","Camerele, cu pereÈ›i murdari È™i mobilier obosit."
30,excelent,10,februarie 2025,..,..
30,Foarte bine,8,februarie 2025,"Lobby ul, locatia.","Un mic dejun mediocru.
Camerele nu sunt ventilate corespunzÄƒtor.
Nu exista apa plata, in camere. Cafea sau ceai puteÈ›i face cu apa minerala."
30,Foarte bine,8,februarie 2025,,Camera la ultimul etaj situata oarecum pe acoperis avand in fata ferestrei panoul cu reclama hotelului fara posibilitate de view.
30,Cred ca voi lua o pauza de la acest hotel.,8,ianuarie 2025,,GÄƒlÄƒgia ce trasnspare din pereÈ›ii camerelor vecine.
30,ExcepÅ£ional,10,februarie 2025,"echipa de la receptie,Alex,Alina,Liviu,bar Nicoleta aduc Sharm hotelului si fac sederea in hotel placuta si familiara.Nu pot decit sa recomand calduros acest hotel.",
30,ExcepÅ£ional,10,ianuarie 2025,Va multumesc pentru upgrade,
30,O alegere buna pentru un sejur reusit.,10,ianuarie 2025,"Peivelistea din camera si cea din executive lounge.
Locatia hotelului este aproape de multe puncte de interes.
Marimea camerei",
30,ExcepÅ£ional,10,ianuarie 2025,Totul,-
30,Foarte bine,8,ianuarie 2025,,Frig pe holuri
31,Superb,9,mai 2025,"Curatenie, locatie, personal","Instalatia de climatizare ar suporta un upgrade avand in vedere trecerea anilor peste cea actuala.
Aerul conditionat nu poate fi oprit din camera si noaptea creeaza un disconfort notabil"
31,Abia aÈ™tept sÄƒ revin,10,mai 2025,Excelent,
31,Un Hotel care È™tie sÄƒ Ã®È™i respecte clienÈ›ii!,10,martie 2025,"Totul la superlativ !!! 
In special recepÈ›ia este bine pregÄƒtitÄƒ, micul dejun bogat diversificat, camerele curate È™i Ã®ngrijite!!!",
31,Superb,9,ianuarie 2025,,Camera primita a fost la un etaj inferior si tot view-ul a fost blocat.
31,"Servicii excelente,personal foarte amabil, profesionis,Executive loung excelent,3 restaurante f bune",10,februarie 2025,"1. Servicii excelente. 
2. Apreciez inca o data faptul ca programul pentru micul dejun este foare bine ales (pina la 11h00). 
3. Micul dejun e foarte deivers iar personalul foarte atent si disponibil. 
3. Ideea de a avea 3 restaurante diferite ce acopera o alegere foarte larga este o foarte buna ideea de organizare si functionare. 
4. Am apreciat de asemenea, si Executive lounge. Spatiul si locatia sint foarte utile si bine gestionate. 
5. Am avut interactiuni foarte placute cu valetul (dl Bebe, extrem de ambil si profesionist) si cu o camerista (solicitare de curatenie in camera indeplinita foarte repede).",n/a
31,Superb,10,februarie 2025,LocaÈ›ie foarte spaÈ›ioasÄƒ cu toate facilitÄƒÈ›ile posibile pentru o capitalÄƒ la preÈ›uri rezonabile .,
31,FiÈ›e scumpe,8,februarie 2025,Restaurantele din hotel È™i curÄƒÈ›enia din camerÄƒ.,"Nu am primit initial camera rezervatÄƒ ci una mica pe colÈ›  a trebuit sÄƒ solicit schimbarea camerei. Mi s-a pÄƒrut ca este o practicÄƒ sÄƒ-È›i vÃ¢ndÄƒ ceea ce e mai prost la preturi umflate.
Spa-ul arata deplorabil, saunele sunt foarte uzate cu scÃ¢nduri lipsa iar pardoseala este mereu plinÄƒ de apÄƒ."
31,Excelenta la hotel. Mic dejun fabulos. Spa-ul Worldclass e mult sub asteptari/penibil,8,februarie 2025,foarte buna ideea de a avea micul dejun pina la 11h00. felicit aceasta decizie !,1. programul la restaurant. am fost la Steakhouse si la 23h00 practic am fost invitati insistent sa plecam. E necesara o prelungire de cel putin o ora peste ce aveti acum. Este penibil sa inchideti restaurantul la 23h00.
31,Nu È™i meritÄƒ banii,8,ianuarie 2025,"Pernele confortabile, lenjerie curatÄƒ, camera È™i baia spaÈ›ioase",Hotelul Ã®nvechit
31,Mi-a placut totul.,10,ianuarie 2025,Totul,
31,Revelion 2025,10,ianuarie 2025,Senator suite,Este perfect totul
31,Excelent !,9,decembrie 2024,"Totul a fost la cel mai inalt nivel ; serviciile, confortul si faptul ca personalul de la receptie a facut toate cele necesare ca sederea mea sa fie una excelenta !","Prezenta clientilor pe hol in timpul orei de liniste care faceau zgomot a dus la disturbarea somnului, asta pana in jurul orei 2 . Este de neconceput ca astfel de oameni pot fi acceptati in acest hotel. Ar fi de luat in seama ca acestia sa fie taxati la fel ca si cu fumatul ...la disturbarea linistii sa existe o penalizare atat de mare incat sa nu-si permita sa deranjeze ceilalti oaspeti !"
31,Minunat!,10,decembrie 2024,"Totul! CurÄƒÈ›enie, atenÈ›ie, mÃ¢ncare bunÄƒ, ospÄƒtari respectuoÈ™i, recepÈ›ie idem, ajutor, locaÈ›ie.",Y
31,Excelent,9,decembrie 2024,"Camera spatioasa, mochetata, curatenie, paturi confortabile si largi, cald, personalul de la receptie atent si serviabil, mic dejun excelent, personalul din restaurant de nota 10.",Hotelul este deschis de aprox.25 ani . La momentul acela desigur ca totul era de top dar au trecut multi ani si aspectul este putin desuet. Cu toate astea isi mentine aspectul elegant.
31,Este o locaÈ›ie deosebitÄƒ,9,noiembrie 2024,Totul,Nu am reproÈ™uri
31,"Am avut parte de un sejur minunat avand in vedere cÄƒ a fost si ziua mea de nastere, tot a fost minunat , incepand de la",10,decembrie 2024,"Mi-a placut amabilitatea personalului din receptie , in special Domnul Cosmin, am fost ajutatÄƒ , cu tot ce am avut nevoie, camera impecabila, curatenia la fel . Micul dejun minunat foarte multe sortimente de mancare, excelent! Felicitari!!! Mai ales ca a fost si ziua mea de nastere din partea hotelului , mi-au trimis in camera o prajitura cu o mica felicitare !",
31,ExcepÅ£ional,10,noiembrie 2024,Totul,
31,TOPU DE PE LUME,10,noiembrie 2024,TOTUL,
31,ExcepÅ£ional,10,noiembrie 2024,Totul a fost minunat! Micul dejun fosrte gustos.,
31,Excelent,10,noiembrie 2024,"LocaÈ›ie, curÄƒÈ›enie, mic dejun, personal amabil, sÄƒritor , liniÈ™te",
31,Superb,9,octombrie 2024,,Sistemul de climatizare zgomotos
31,Totul OK!,10,octombrie 2024,Totul,Nimic
31,Superb,9,noiembrie 2024,Aproape tot,"Fiind toamna spre iarna, a trebuit sa folosim caldura, care e doar din ventilatie.
De mers, mergea bine, dar zgomotul te trezea din somn.
In rest, excelent tot"
31,"Oaza de liniÈ™te ,frumos È™i relaxare â¤ï¸",10,octombrie 2024,Totul la superlativ â¤ï¸,Nu este nimic sÄƒ nu-mi placÄƒ !
32,O cazare excelenta,10,iunie 2025,"Locatie excelenta, liniste in vila. In fata sunt cateva mese unde se poate sta la aer.",
32,Top â¤ï¸â¤ï¸,10,mai 2025,Totul ğŸ“,
32,ExcepÅ£ional,10,mai 2025,"Interiorul si camerele sunt chic. 
Curat, parca e ca È™i cum eÈ™ti Ã®n alta epoca, cu atenÈ›ie la detalii, confort, intimitate, eleganta. Am fost plÄƒcut surprinsa.
Mic dejun gustos cu fructe de sezon, brÃ¢nzeturi, mezeluri de calitate, iaurt, sucuri, ceai, cafea, pÃ¢ine delicioasa.
Am fost de doua ori la ei È™i e un loc unde as reveni cu Ã®ncredere.",
32,Ok,9,mai 2025,,Telecomanda pentru televizor nu funcÈ›ioneazÄƒ
32,Cel mai frumos hotel din BucureÈ™ti,10,mai 2025,"Totul a fost perfect:locaÈ›ia, personalul super, curÄƒÈ›enia exemplarÄƒ È™i ambianÈ›a boemÄƒ.",
32,ExcepÅ£ional,10,mai 2025,,Lipsa unei parcari proprii ar fi singurul minus pe care il gasesc.
32,"LocaÈ›ie excelentÄƒ, personal amabil, mic dejun copios... perfect!",10,martie 2025,"Totul a fost grozav, cazare perfectÄƒ!",Totul a fost grozav!
32,O sedere placuta,9,martie 2025,Recomand,
32,ExcepÅ£ional,10,martie 2025,"Foarte frumos, curat, central. Un miros plÄƒcut . Decorul te face sÄƒ te simÈ›i boem È™i sÄƒ nu mai pleci",
32,Excelent pentru nevoile mele,9,februarie 2025,LiniÈ™te È™i curÄƒÈ›enie,
32,ExcepÅ£ional,10,februarie 2025,"Camera mare, curatÄƒ, mobilatÄƒ cu stil, pat confortabil.",
32,Foarte bine,8,decembrie 2024,Raport preÈ› calitate foarte bun.,Personalul nu a putut fi contactat pentru rezolvarea unei probleme referitoare la deschiderea unei uÈ™i de la camerÄƒ (hotelul nu are personal la recepÈ›ie seara È™i Ã®n weekend).
32,Foarte bine,8,decembrie 2024,,1 dimineaÈ›a din 3   fÄƒrÄƒ apa calda.
32,Foarte bine,8,decembrie 2024,Foarte bine. La superlativ. ğŸ¤©,
32,Perfect! Abia astept sa revin,10,decembrie 2024,Absolut totul,-
32,Agreabil.,9,octombrie 2024,"Locatie centrala. 
Am gasit relativ usor loc de parcare.",
32,Nota 10 cu felicitari!,10,decembrie 2024,"Locatie perfecta, posibilitatea de parcare a autoturismului astfel incat sa-l pot vedea din camera, disponibilitatea gazdei care  ne-a asteptat cu un mic dejun cu chifle si cornuri calde, desi am intarziat putin peste ora alocata micului dejun. Camera a fost spatioasa si foarte curata, lenjeria mirosea excelent!",
32,Confortabil,9,noiembrie 2024,"Dotare foarte buna.
Fier de cÄƒlcat, maaa de cÄƒlcat, from, papuci de casa, umbrele la intrarea in RecepÈ›ie.
In camera caldura serata pe 25 grade.
Intr-un cuvÃ¢nt, ni s-a oferit totul de ceea ce aveam nevoie.",Nu a fost nimic sa nu ne placa.
32,ExcepÅ£ional,10,noiembrie 2024,Totulâ¤ï¸,-
32,ExcepÅ£ional,10,noiembrie 2024,"Zona buna, curatenie, spatios.",
32,ExcepÅ£ional,10,octombrie 2024,"Micul dejun e ok. Branzeturi 4-5 feluri, mezeluri 2-3 feluri, lapte, iaurt, fructe proaspete, cereale si fulgi de cateva feluri, legume, se ofera oua gatite prospat la alegere. Se poate sa fi uitat ceva. Toate produsele mentionate mai sus de calitate buna.. Daca voi reveni in delegatie in aceasta zona a Bucurestiului, cu siguranta voi alege aceast hotel.","Cafeaua e capsulata. Nu a fost pe gustul meu (prea prajita) dar asta este, desigur, subiectiv. 
Odorizantul din camera e cam puternic. Persoanele cu alergii se pot resimti."
32,A fost doar pentru tranzit,9,septembrie 2024,A fost o vizitÄƒ scurtÄƒ darok,Nu e cazul
32,"Central, curat, cochet!",10,septembrie 2024,"Locatia ultra centrala
Amprenta de epoca a camerei
Curatenia deosebita
Asternuturile calitative",
32,ExcepÅ£ional,10,iulie 2024,"Mobilier, mÄƒrimea camerei...tot",PuÈ›in cam galagie in zona dar se poate trece peste
33,Superb,9,martie 2025,"Camera spaÈ›ioasÄƒ, curata, confortabila. Mi a fÄƒcut placere sa stau aici 3 nopti.",
33,Foarte bine,8,decembrie 2024,,"nu a funcÈ›ionat liftul È™i am urcat 3 etaje, desi erau libere camere la un etaj inferior Ã®nsÄƒ soft-ul nu a luat Ã®n seama acest impediment"
33,Superb,9,octombrie 2024,"Locatia este foarte buna. Hotelul se afla aproape de statia de metrou Piata Romana.
Camera a fost foarte curata, patul foarte comfortabil.
Desi locatia nu are o receptie fizica, in cazul in care intampinati dificultati, va puteti adresa personalului restaurantului de la parterul cladirii. Personalul foarte amabil.","Trebuie sa va asigurati ca aveti baterie la telefon si internet activ pentru ca altfel nu puteti folosi aplicatia de check in/check out si access in camera.
Frigiderul din camera a fost putin galagios."
33,LocaÈ›ia perfectÄƒ,9,noiembrie 2024,"LocaÈ›ia perfectÄƒ, patul foarte confortabil, personalul foarte drÄƒguÈ› È™i binevoitor",PreÈ›ul nu se justificÄƒ
33,ExcepÅ£ional,10,octombrie 2024,"Zona , personalul , cladirea , mancarea !",
33,PlÄƒcut,6,noiembrie 2024,,"Izolarea fonica lasa de dorit. Bateria de la dus nu a fost corect montata si apa curgea pe langa. Peretele de sticla nu este etansat si la fel, apa se scurgea pe langa."
33,ExcepÅ£ional,10,aprilie 2025,,
33,ExcepÅ£ional,10,aprilie 2025,,
33,ExcepÅ£ional,10,martie 2025,,
33,ExcepÅ£ional,10,martie 2025,,
33,ExcepÅ£ional,10,februarie 2025,,
33,Superb,9,decembrie 2024,,
33,ExcepÅ£ional,10,noiembrie 2024,,
33,Bine,7,ianuarie 2025,,
34,Foarte bine,9,iunie 2025,"Nu are personal cu care sa interactionezi fizic, dar este extrem de usor sa faci check-in-ul, gazda iti trimite indicatii precise si clare despre absolut tot ce te intereseaza. Este foarte curat si zona fara zgomot. In apropiere de magazine.","Locurile de parcare se gasesc greu, dar pana la urma se reuseste"
34,Superb,9,aprilie 2025,LocaÈ›ia.,Baia.
34,Superb,9,mai 2025,"LocaÈ›ia foarte bunÄƒ, camera foarte curatÄƒ",Nu are parcare :(
34,Superb,9,aprilie 2025,SimÈ›i o energie pozitiva,.
34,ExcepÅ£ional,10,aprilie 2025,LocaÈ›ia,
34,"Cazarea rapidÄƒ È™i eficientÄƒ, locaÈ›ie bunÄƒ",8,aprilie 2025,"LocaÈ›ia bunÄƒ, totul nou.","Ar fi fost bine sÄƒ fie niÈ™te papuci de casÄƒ, poate un halat, un minim kit de igienÄƒ cu o pastÄƒ È™i o periuÈ›Äƒ micÄƒ de dinÈ›i, etc ... Poate un gel de dus sau un sÄƒpun mai deosebit, sÄƒ miroasÄƒ frumos. Un cuier pentru agÄƒÈ›at prosopul Ã®n baie. Ar fi fost utile niÈ™te pahare de sticlÄƒ, nu de carton... O cafea mai bunÄƒ, nu plicuri de ness... Poate un aparat de cafea cu cÃ¢teva capsule... Un pic mai mult confort È™i atenÈ›ie la detalii... TotuÈ™i este preÈ›ul destul de mare. Lenjeria mirosea destul de puternic a clor."
34,"Curat, poziÈ›ie bunÄƒ, confortabil",9,martie 2025,BunÄƒ alegere,
34,Superb,9,martie 2025,"Camera e curata, confortabilÄƒ, comodÄƒ. Renovata recent, spaÈ›ioasÄƒ. E aproape de centru BucureÈ™tiului.","Pe booking era menÈ›ionatÄƒ parcarea, dar proprietate nu are parcarea. Numai parcarea publicÄƒ pe stradÄƒ"
34,Superb,9,martie 2025,"Camera mare, curata, paturile confortabile, comunicarea foarte bunÄƒ cu personalul pe whatsapp!","DacÄƒ ajungi tarziu, e o problema cu parcarea..."
34,ExcepÅ£ional,10,martie 2025,CurÄƒÈ›enia!!,
34,Un loc ok pentru o cazare de o noapte.,9,februarie 2025,Camera curatÄƒ.,"GÄƒlÄƒgia produsÄƒ de celelalte persoane cazate. Trezitul Ã®n miez de noapte, de cÃ¢teva ori, din aceastÄƒ cauzÄƒ. UÈ™a de la intrare Ã®n camerÄƒ este foarte slabÄƒ din toate punctele de vedere, de aceea È™i sunetele de pe hol sunt foarte deranjante."
34,LAGOM HOTEL Raport calitate preÈ› rezonabil,10,februarie 2025,"LocaÈ›ia foarte bunÄƒ, totul la nivel de strict necesar la interior, curat si cald È›inÃ¢nd cont de ce era afarÄƒ.","Parcare, nu dar am gÄƒsit mereu soluÈ›ii Ã®n apropiere"
34,Foarte cochet si confortabil. Totul curat si pus la punct. Pret ok,10,februarie 2025,"Curat primitor si echipat cu tot ce trebuie.
Foarte multumit",Nimic de reproÈ™at
34,ExcepÅ£ional,10,februarie 2025,"Foarte dragut hotelul. Camera spaÈ›ioasÄƒ, curata È™i moderna. LocaÈ›ia aproape de multe restaurante dar totuÈ™i pe o strada liniÈ™titÄƒ.",
34,Recomand,9,februarie 2025,Comunicarea foarte buna cu proprietarul.Acces in camera usor.Curatenie.,
34,Superb,9,februarie 2025,LocaÈ›ie bunÄƒ pentru odihna Ã®n liniÈ™te perfecta,
34,ExcepÅ£ional,10,ianuarie 2025,"Usor de ajuns, conditii foarte bune pentru acest nivel de pret.",
34,ExcepÅ£ional,10,decembrie 2024,"Aproape de unde am avut nevoie, curat, nu ne a deranjat nimeni, a fost ok.","Am parcat peste strada, unde ni s a spus sa o facem si dimineata am gasit stergatorul spate ridicat, un sac de gunoi pe capota si in acelasi loc zgariata masina. Niste oameni nesimtiti in zona, nu este vina proprietarii."
34,Foarte bine,8,decembrie 2024,"Camera spatioasa, pat mare, curatenie",-
34,Minunat,10,decembrie 2024,ne-a placut tot ce tine de aceasta proprietate,sigurul lucru care ar putea constitui o  problema este parcare pentru ca strada e mica si este destul e saturata de masini. Nu este vina proprietatii dar e un aspect de luat in seama
34,Excelent!!!,10,decembrie 2024,"LiniÈ™tea. CurÄƒÈ›enia. Atmosfera. Totul la superlativ. DacÄƒ ar exista Ã®n fiecare oraÈ™ o astfel de oaza de liniÈ™te ar fi minunat pentru cei care cÄƒlÄƒtoresc. Revin cu drag, oricÃ¢nd.",
34,Un sejur bun.,10,decembrie 2024,"CurÄƒÈ›enia, liniÈ™tea, amplasarea",
34,Calitate. Bun gust. Omenie.,10,decembrie 2024,"Totul. CurÄƒÈ›enie. LiniÈ™te. Ambient. Personalul deosebit de omenos È™i de deschis. Recomand cu cÄƒldurÄƒ acest hotel. Revenim cu drag, oricand.",
34,ExcepÅ£ional,10,Aug-24,"amplasare excelenta ,",locuri putine de parcare
35,Foarte bine,9,iunie 2025,"Nu are personal cu care sa interactionezi fizic, dar este extrem de usor sa faci check-in-ul, gazda iti trimite indicatii precise si clare despre absolut tot ce te intereseaza. Este foarte curat si zona fara zgomot. In apropiere de magazine.","Locurile de parcare se gasesc greu, dar pana la urma se reuseste"
35,Superb,9,aprilie 2025,LocaÈ›ia.,Baia.
35,Superb,9,mai 2025,"LocaÈ›ia foarte bunÄƒ, camera foarte curatÄƒ",Nu are parcare :(
35,Superb,9,aprilie 2025,SimÈ›i o energie pozitiva,.
35,ExcepÅ£ional,10,aprilie 2025,LocaÈ›ia,
35,"Cazarea rapidÄƒ È™i eficientÄƒ, locaÈ›ie bunÄƒ",8,aprilie 2025,"LocaÈ›ia bunÄƒ, totul nou.","Ar fi fost bine sÄƒ fie niÈ™te papuci de casÄƒ, poate un halat, un minim kit de igienÄƒ cu o pastÄƒ È™i o periuÈ›Äƒ micÄƒ de dinÈ›i, etc ... Poate un gel de dus sau un sÄƒpun mai deosebit, sÄƒ miroasÄƒ frumos. Un cuier pentru agÄƒÈ›at prosopul Ã®n baie. Ar fi fost utile niÈ™te pahare de sticlÄƒ, nu de carton... O cafea mai bunÄƒ, nu plicuri de ness... Poate un aparat de cafea cu cÃ¢teva capsule... Un pic mai mult confort È™i atenÈ›ie la detalii... TotuÈ™i este preÈ›ul destul de mare. Lenjeria mirosea destul de puternic a clor."
35,"Curat, poziÈ›ie bunÄƒ, confortabil",9,martie 2025,BunÄƒ alegere,
35,Superb,9,martie 2025,"Camera e curata, confortabilÄƒ, comodÄƒ. Renovata recent, spaÈ›ioasÄƒ. E aproape de centru BucureÈ™tiului.","Pe booking era menÈ›ionatÄƒ parcarea, dar proprietate nu are parcarea. Numai parcarea publicÄƒ pe stradÄƒ"
35,Superb,9,martie 2025,"Camera mare, curata, paturile confortabile, comunicarea foarte bunÄƒ cu personalul pe whatsapp!","DacÄƒ ajungi tarziu, e o problema cu parcarea..."
35,ExcepÅ£ional,10,martie 2025,CurÄƒÈ›enia!!,
35,Un loc ok pentru o cazare de o noapte.,9,februarie 2025,Camera curatÄƒ.,"GÄƒlÄƒgia produsÄƒ de celelalte persoane cazate. Trezitul Ã®n miez de noapte, de cÃ¢teva ori, din aceastÄƒ cauzÄƒ. UÈ™a de la intrare Ã®n camerÄƒ este foarte slabÄƒ din toate punctele de vedere, de aceea È™i sunetele de pe hol sunt foarte deranjante."
35,LAGOM HOTEL Raport calitate preÈ› rezonabil,10,februarie 2025,"LocaÈ›ia foarte bunÄƒ, totul la nivel de strict necesar la interior, curat si cald È›inÃ¢nd cont de ce era afarÄƒ.","Parcare, nu dar am gÄƒsit mereu soluÈ›ii Ã®n apropiere"
35,Foarte cochet si confortabil. Totul curat si pus la punct. Pret ok,10,februarie 2025,"Curat primitor si echipat cu tot ce trebuie.
Foarte multumit",Nimic de reproÈ™at
35,ExcepÅ£ional,10,februarie 2025,"Foarte dragut hotelul. Camera spaÈ›ioasÄƒ, curata È™i moderna. LocaÈ›ia aproape de multe restaurante dar totuÈ™i pe o strada liniÈ™titÄƒ.",
35,Recomand,9,februarie 2025,Comunicarea foarte buna cu proprietarul.Acces in camera usor.Curatenie.,
35,Superb,9,februarie 2025,LocaÈ›ie bunÄƒ pentru odihna Ã®n liniÈ™te perfecta,
35,ExcepÅ£ional,10,ianuarie 2025,"Usor de ajuns, conditii foarte bune pentru acest nivel de pret.",
35,ExcepÅ£ional,10,decembrie 2024,"Aproape de unde am avut nevoie, curat, nu ne a deranjat nimeni, a fost ok.","Am parcat peste strada, unde ni s a spus sa o facem si dimineata am gasit stergatorul spate ridicat, un sac de gunoi pe capota si in acelasi loc zgariata masina. Niste oameni nesimtiti in zona, nu este vina proprietarii."
35,Foarte bine,8,decembrie 2024,"Camera spatioasa, pat mare, curatenie",-
35,Minunat,10,decembrie 2024,ne-a placut tot ce tine de aceasta proprietate,sigurul lucru care ar putea constitui o  problema este parcare pentru ca strada e mica si este destul e saturata de masini. Nu este vina proprietatii dar e un aspect de luat in seama
35,Excelent!!!,10,decembrie 2024,"LiniÈ™tea. CurÄƒÈ›enia. Atmosfera. Totul la superlativ. DacÄƒ ar exista Ã®n fiecare oraÈ™ o astfel de oaza de liniÈ™te ar fi minunat pentru cei care cÄƒlÄƒtoresc. Revin cu drag, oricÃ¢nd.",
35,Un sejur bun.,10,decembrie 2024,"CurÄƒÈ›enia, liniÈ™tea, amplasarea",
35,Calitate. Bun gust. Omenie.,10,decembrie 2024,"Totul. CurÄƒÈ›enie. LiniÈ™te. Ambient. Personalul deosebit de omenos È™i de deschis. Recomand cu cÄƒldurÄƒ acest hotel. Revenim cu drag, oricand.",
35,ExcepÅ£ional,10,Aug-24,"amplasare excelenta ,",locuri putine de parcare
36,ExcepÅ£ional,10,mai 2025,Amabilitatea gazdelor.,
36,Perfect!,10,mai 2025,"Totul a fost impecabil: camera foarte curatÄƒ, decoratÄƒ cu bun gust È™i cu priveliÈ™tea spre parc, care a adÄƒugat un plus de liniÈ™te È™i frumuseÈ›e Ã®ntregului sejur. Gazdele au fost extrem de amabile È™i atente, ceea ce a contribuit mult la atmosfera plÄƒcutÄƒ. Recomand cu drag aceastÄƒ locaÈ›ie oricui cautÄƒ un loc confortabil, bine amplasat È™i primitor Ã®n BucureÈ™ti. Cu siguranÈ›Äƒ vom reveni cu plÄƒcere!",
36,SatisfÄƒcÄƒtor,9,martie 2025,"Personalul, curatenia","Nu mi a plÄƒcut faptul ca era la mansarda si vrei ni vrei te lovesti, la capğŸ˜.
Inca un lucru neplacut esre faptul ca in camera nu existe un frigider mic sau rÄƒcitor, sa nu uit de pahare, nu erau in camera."
36,Foarte frumos,10,februarie 2025,Foarte curat. Personal amabil,-
36,"Recomand cu drag! 
A fost peste aÈ™teptÄƒri!",10,decembrie 2024,"Mi-a plÄƒcut absolut tot: locaÈ›ia, camera, curÄƒÈ›enia, personalul foarte atent È™i prompt. 
Este Ã®n imediata apropiere a Parcului Carol.
Am avut loc de parcare exact Ã®n faÈ›a.",
36,Foarte frumoasÄƒ locaÈ›ia,10,octombrie 2024,Excelent!,Nimic de comentat
36,ExcepÅ£ional,10,octombrie 2024,"MicuÈ› hotelul, dar foarte curat È™i plÄƒcut. RecomandÄƒm!",
36,foarte comod,10,octombrie 2024,Amplasare foarte comodÄƒ (7-10 minute cu taxi pÃ¢nÄƒ la Centrul Vechi). GazdÄƒ prietenoasÄƒ È™i inÈ›elegÄƒtoare. FacilitÄƒÈ›i ca Ã®n descriere. Foarte comod pentru un sejur de 2-3 zile,PuÈ›in spaÈ›iu de stocare pentru bagaj
36,excelent,10,septembrie 2024,PoziÈ›ie centralÄƒ. LÃ¢ngÄƒ parcul Carol.,
36,LocaÈ›ie idealÄƒ,10,septembrie 2024,"Gazdele extrem de amabile È™i prietenoase. Noi am sÄƒrbÄƒtorit 15 ani de cÄƒsnicie, domnii au fost atÃ¢t de deschiÈ™i Ã®ncÃ¢t au acceptat sa trimit pe cineva Ã®nainte cu È™ampanie È™i flori, surpriza pt soÈ›ia mea. Mai mult, am gÄƒsit florile aranjate iar È™ampania Ã®n frapiera la gheaÈ›Äƒ. Foarte curat. Camera  este amenajata cu bun gust, curata, luminoasa. Patul confortabil, televizorul imens... Totul la superlativ. Faptul ca Ã®n curte funcÈ›ioneazÄƒ È™i o mica terasa unde poÈ›i servi ceva este un plus. O experienta frumoasa pe care o recomand.
MulÈ›umesc!",
36,Superb,9,iulie 2024,"Nu este mic dejun, dar personalul a fost foarte dragut, cafelele baute au fost din partea casei. Arata bine, am avut vedere spre parc, patul a fost comod.","In baie aparea apa pe jos, nu am reusit sa-mi dau seama de unde, dar avand in vedere ca am stat o singura noapte nici n-am simtit nevoia sa spunem la receptie."
36,ExcepÅ£ional,10,iulie 2024,Tot!,
36,LocaÈ›ia ideala pentru un citybreak,10,iulie 2024,"LocaÈ›ia, proprietara care este extrem de amabila È™i atenta , rezolvand rapid orice cerere suplimentara legata de dotarea camerei,curÄƒÈ›enia exemplara.",
36,"Recomand locatia. Precizez ca Parcul Carol este vis a vis, merita vizitat !! Arenele Romane, la fel.",10,iulie 2024,"Este o locatie superba, noua, cu o arhitectura frumoasa. Gazda plina de amabilitate, personalul foarte atent la modul de servire. Terasa este cocheta cu flori si are niste scaune foarte comode. Curatenie de nota zece. Cafeaua excelenta!!ğŸ‘ğŸ»",
36,Acceptabil,5,iunie 2025,LocaÈ›ia,"Baia inghesuita, mult zgomot atÃ¢t din stradÄƒ cÃ¢t È™i din incintÄƒ."
36,Scump pentru ce ofera,7,mai 2025,"Locatia, langa parc, arenele romane, destul de aproape de metrou, parlament. Foarte curat, dus italian si baie ok.","Hotelul nu are parcare, trebuie platita parcare la primarie care nu e ieftina. Nu este lift, doar scari inguste. Camera este foarte mica, are un pseudo-dulap, fara mini bar. Un geam era defect si nu se inchidea, nu erau pahare, gel de dus plicuri insuficient. Am stat 2 nopti si nu ne au facut refill la gel de dus sau hartie igienica, nici gunoiul nu l au luat. Menajere asiatice ce nu vorbesc romana sau engleza."
36,PlÄƒcut,6,aprilie 2025,"Personal ok. 
Teoretic mi-au fÄƒcut upgrade la camerÄƒ È™i mi-au rezervat o zi Ã®n plus pentru cÄƒ am avut nevoie de extindere È™edere.
LocaÈ›ie foarte curatÄƒ.","Camera. SituatÄƒ la mansardÄƒ.
Doar in mijlocul camerei puteai sta Ã®n picioare normal. Inclusiv Ã®n baie am lovit tavanul cu capul datoritÄƒ unghiurilor.
Fiind Ã®mpreunÄƒ cu o persoanÄƒ Ã®n vÃ¢rstÄƒ a fost o aventurÄƒ sÄƒ urcÄƒm È™i sÄƒ coborÃ¢m scÄƒrile."
36,Foarte bine,8,mai 2025,,
36,ExcepÅ£ional,10,mai 2025,,
36,ExcepÅ£ional,10,aprilie 2025,,
36,ExcepÅ£ional,10,mai 2025,,
36,Superb,9,mai 2025,,
36,ExcepÅ£ional,10,mai 2025,,
36,Superb,9,aprilie 2025,,
37,dezamagitor,8,mai 2025,"camera destul de ok, pretul bun!","locuri de parcare inexistente, greu de gasit locatia iar in camera si in special in baieâ€¦ un miros ingrozitor"
37,ExcepÅ£ional,10,aprilie 2025,"Loc curat,plÄƒcut ca È™i amenajare ,liniÈ™tit È™i un raporta calitate preÈ› foarte bun",La baie nu se trÄƒgea apa prea bine
37,Curatenie si personal amabil si promt,10,aprilie 2025,Curatenie si confort,
37,ExcepÅ£ional,10,aprilie 2025,"Camere spaÈ›ioase, foarte bine echipate, paturi confortabile È™i personal ft amabil.
LocaÈ›ie usor accesibila atÃ¢t cu masinia cÃ¢t È™i cu transportul Ã®n comun.",
37,Superb,9,aprilie 2025,,Nu a fost telecomanda la tv
37,Sejur reuÈ™it,9,martie 2025,Curat È™i atmosferÄƒ plÄƒcutÄƒ,Izolare fonica f proasta a pereÈ›ilor. Se auzea tot ce se vorbea Ã®n camera alÄƒturatÄƒ.
37,Personal amabil È™i curat,8,decembrie 2024,Atmosfera prietenoasÄƒ,"IzolaÈ›ia fonicÄƒ a pereÈ›ilor f slabÄƒ, Se auzea tot."
37,ReÃ®ncÄƒrcare cu energie!,8,februarie 2025,O insulÄƒ de liniÈ™te Ã®n tot vacarmul bucureÈ™tean!,
37,Super ok,10,ianuarie 2025,Super,
37,ExcepÅ£ional,10,ianuarie 2025,"Foarte cald in camere,liniÈ™te,curÄƒÈ›enie,personal foarte amabil!",
37,Scurt sejur!,9,ianuarie 2025,"Curatenie, amabilitatea personalului, locatia situata foarte aproape de Institutul Clinic Fundeni.
Se ajunge foarte usor de la Gara de Nord cu mijloc de transport in comun (182) care are statie chiar langa locul de cazare.","Izolarea fonica. 
Evident daca ai nesansa sa fie cazate persoane galagioase, orice izolare nu ajuta.
In cazul meu, am beneficiat de intelegere  si am schimbat camera imediat. Iar persoanele au fost sunate pentru a se tempera."
37,"DacÄƒ pereÈ›ii ar fi izolaÈ›i ar fi superb, chiar ar putea mÄƒri preÈ›urile",10,decembrie 2024,Excelent totul,Se aude tot dintr-o camerÄƒ Ã®n cealaltÄƒ
37,ExcepÅ£ional,10,ianuarie 2025,Superb! O sa mai revin cu siguranta!,
37,MeritÄƒ!,9,decembrie 2024,"CondiÈ›ii bune 
Proprietarul amabil È™i disponibil de a te ajuta cu tot ce ai avea nevoie .
Acces uÈ™or la orice orÄƒ.","Nu mi a pl ca dna care fÄƒcea curat ,s a apucat de dimineaÈ›Äƒ ,nu dupÄƒ ora 12 ,mÄƒcar ,pt ca cei care mai ajung È›arziu sÄƒ se mai poatÄƒ odihni .Poate aÈ™a e politica ,nu insist prea mult pe subiectul Äƒsta."
37,Superb,9,decembrie 2024,"LocaÈ›ia este bunÄƒ, camera a fost ok si arÄƒta bine. Cu o atmosferÄƒ primitoare chiar este potrivitÄƒ pentru un sejur scurt.",Ar fi fost utili niÈ™te papuci de casa deoarece pe jos nu era chiar foarte curat.
37,Super !,10,noiembrie 2024,"Totul mi a plÄƒcut, curatenie in camera, cÄƒldurÄƒ, frigider, TV mare, camera liniÈ™titÄƒ ( tÃ¢mplÄƒrie care izoleazÄƒ fonic cum trebuie ), amabilitate la recepÈ›ie.",
37,ExcepÅ£ional,10,noiembrie 2024,Ospitalitatea È™i Ã®nÈ›elegerea gazdei!,Nu este ceva care nu mi-a plÄƒcut! Serviciile au fost prestate corespunzÄƒtor È™i atmosfera a fost placuta!
37,Foarte bun,10,octombrie 2024,Foarte bun pentru nevoile noastre.,N/A
37,Superb,9,septembrie 2024,Tot,Nu am nimic de reproÈ™at
37,Odihna dupÄƒ o zi grea,8,septembrie 2024,PoÈ›i sÄƒ stai Ã®n liniÈ™te faÈ›Äƒ de vacarmul de afarÄƒ,Prosoape foarte uzate. Ar trebui Ã®nlocuite
37,ExcepÅ£ional,10,septembrie 2024,"Curatenie, amabilitate, locatie, siguranta!",Totul a fost foarte bine!
37,ReuÈ™eÈ™ti sÄƒ te relaxezi!,8,septembrie 2024,PoÈ›i sÄƒ te relaxezi decent.,Camera a fost micÄƒ
37,Foarte Bine,10,septembrie 2024,"Totul OK pentru nevoile noastre,",N/A
37,ExcepÅ£ional,10,Aug-24,.,.
38,ExcepÅ£ional,10,decembrie 2024,pat si perna confortabile,"la 12 fix au intrerupt curentul, lucru ce ne-a facut sa uitam lucruri personale in camera"
38,Un loc special unde te simÈ›i bine. MulÈ›umesc!,10,iunie 2024,Un loc special unde te simÈ›i bine. MulÈ›umesc!,
38,M-am simÈ›it ca Ã®ntr-un concediu datoritÄƒ locaÈ›iei,10,aprilie 2024,Este Ã®ntr-o zonÄƒ Ã®n care te simÈ›i ca la munte; nicio legÄƒturÄƒ cu agitaÈ›ia capitalei. Personalul este profesionist.,"Cred cÄƒ meniul ar putea sÄƒ aibÄƒ È™i cÃ¢teva preparate mai puÈ›in sofisticate; poate paste, sau ceva clasic."
38,ExcepÅ£ional,10,aprilie 2024,Totul.,Preturile.
38,ExcepÅ£ional,10,ianuarie 2024,"Amabilitatea, bunul simt, comunicarea desavarsita, atentia permanenta la nevoile clientilor, iar mancarea excelenta! Voi reveni cu siguranta!",
38,Nu s-a putut servi masa la restaurantul hotelului!!!,8,noiembrie 2023,,Nu s-a putut servi masa la restaurantul hotelului!!!
38,Superb,9,octombrie 2023,"LiniÈ™te, confort, restaurant foarte bun.",-
38,ExcepÅ£ional,10,aprilie 2023,Locatia si personalul,Cam scump
38,Superb,9,februarie 2023,"LocaÈ›ia este minunatÄƒ, la marginea CiÈ™migiului, adicÄƒ la cÃ¢teva minute atÃ¢t de Centrul Vechi, cÃ¢t È™i de PiaÈ›a UniversitÄƒÈ›ii sau Calea Victoriei. Camerele sunt de fapt apartamente, excelent dotate. Nu lipseÈ™te nimic din ceea ce trebuie sÄƒ fie la hotel de cinci stele. Spaul e cochet È™i relaxant.","Piscina e micuÈ›Äƒ, iar dacÄƒ sunt mai mult de patru persoane, Ã®nghesuiala e mare. Saunele sunt doar uneori deschise, Parcarea e cu valet È™i relativ costisitoare."
38,Relaxant,9,octombrie 2022,"Totul,bine amplasat",Totul e OK
38,Sejurul a fost intr-o atmosfera de poveste.,9,septembrie 2022,"Locatia este deosebita, personalul foarte atent, curatenia desavarsita, totul este minunat. Bucataria este extraordinara. Felicitari!!!","Am stat de mai multe ori aici, dar de data asta (singura data) ambele televizoare nu au functionat."
38,ExcepÅ£ional,10,Aug-22,"O locatie deosebita din toate punctele de vedere. Micul dejun a fost senzational, mancarea pe care am servit-o la restaurantul hotelului a fost grozava, curatenia desavarsita. Sigur vom reveni cu placere.",
38,Foarte bine,8,iulie 2022,,"Camera era deasupra intrarii, se auzeau in camera tot felul de sunete. Nu exista plase contra insectelor, curatenia nu a fost chiar de nota 10, am gasit reziduri in cada, micul dejun a fost o gluma proasta, putin si nu deosebit de gustos si nici macar nu intra in costul camerei, restaurant cu o lista redusa de produse, chiar nu am gasit nimic pe placul meu si am iesit sa iau cina in oras (dar asta poate fi subiectiva, fiecare cu gusturile personale ğŸ˜Š) .
Totul a fost ok, dar ma asteptam la mai mult dupa stele si pret."
38,ExcepÅ£ional,10,mai 2025,,
38,ExcepÅ£ional,10,aprilie 2025,,
38,ExcepÅ£ional,10,martie 2025,,
38,ExcepÅ£ional,10,februarie 2025,,
38,ExcepÅ£ional,10,ianuarie 2025,,
38,ExcepÅ£ional,10,septembrie 2024,,
38,ExcepÅ£ional,10,octombrie 2024,,
38,ExcepÅ£ional,10,septembrie 2024,,
38,Superb,9,octombrie 2024,,
38,ExcepÅ£ional,10,Aug-24,,
38,ExcepÅ£ional,10,mai 2024,,
39,Relaxant,9,mai 2025,"Frumoasa locatia iar combinatia dintre istorie, detalii pictate si modern face din acest hotel o atractie.",WI-FI
39,Excelent!,10,mai 2025,"Liniste,o locatie foarte frumos amenajata, micul dejun variat si delicios, cafeaua extraordinara!","Parcarea foarte stramta, cu acces dificil daca e un autoturism mai mare."
39,Mi-a plÄƒcut stilul locaÈ›iei dar partea cu micul dejun lasÄƒ de dorit,9,mai 2025,Modul Ã®n care era aranjatÄƒ È™i stilul acesteia,Paturile cam incomode!!! È˜i masa era cam mizerieâ€¦ plus o muscÄƒ moartÄƒ Ã®n compot!!!
39,ExcepÅ£ional,10,aprilie 2025,Totul a fost perfect.,
39,foarte placut,10,martie 2025,"Camera aerisita, patul foarte confortabil. Mi s-a parut foarte interesanta ideea de a pune la dispozitie cele cateva carti! Chiar le-am rasfoit cu placere!",Nu am obiectii!
39,"un hotel bine amplasat, curat, ambianta placuta",10,martie 2025,"Hotelul amplasat aproape de locul unde aveam de ajuns, micul dejun bun, parcare acoperita, sigura, camere frumos decorate",-
39,ExcepÅ£ional,10,martie 2025,CondiÈ›ii excepÈ›ionale. Cu siguranÈ›Äƒ Ã®n topul cazÄƒrilor din BucureÈ™ti. Muzica din baie face toÈ›i banii,
39,Atractiv,10,martie 2025,"Micul dejun bun, cu multiple oferte, inclusiv pentru ovolactovegetarieni. CurÄƒÈ›enie, prosoapele schimbate zilnic, cearÈ™afurile la fel, minibar, wi-fi gratuit, halate pentru baie, dotÄƒri toaletare (È˜ampon, gel de duÈ™, balsam pentru corp, sÄƒpun, discuri pentru demachere È™i beÈ›igaÈ™e pentru urechi), cÄƒldurÄƒ, liniÈ™te.","Meniul pentru prÃ¢nz la restaurant destul de sÄƒrÄƒcuÈ›, mai ales dupÄƒ ora 16:00"
39,ExcepÅ£ional,10,februarie 2025,"Personal amabil, mic dejun de 5 stele foarte variat È™i calitativ, sauna, locaÈ›ia aproape de centru. De acesta data am obÈ›inut cazare la etajul 1 cu vedere spre curtea interioara, foarte plÄƒcut È™i liniÈ™tit. Va mulÈ›umesc pentru!",
39,Un hotel deosebit,10,februarie 2025,"LocaÅ£ia a fost perfectÄƒ, am cÄƒutat ceva Ã®n apropiere de Romexpo. Hotelul este excelent, stilul boutique, camerele decorate cu mobilier pictat, foarte frumos, te duc cu gÃ¢ndul Ã®n trecut, Ã®n vremea conacelor boiereÅŸti. Camera a fost spaÅ£ioasÄƒ, foarte curatÄƒ ÅŸi caldÄƒ (chiar prea cald aÅŸ putea spune, dar este doar impresia mea personalÄƒ). Patul ÅŸi pernele foarte comfortabile, am dormit perfect. Baia, la fel, spaÅ£ioasÄƒ, foarte curatÄƒ, dotatÄƒ cu consumabilele necesare, chiar ÅŸi muzicÄƒ ;). ExistÄƒ Ã®n camerÄƒ halate ÅŸi papuci, minibar, ÅŸi ceea ce m-a impresionat Ã®n mod foarte plÄƒcut, pe masÄƒ sunt cÃ¢teva cÄƒrÅ£i de istorie a Comanei, pe care nu am avut timp sÄƒ le citesc, spre marele meu regret, dar sper sÄƒ mai ajung totuÅŸi la acest hotel...Minunat!
Micul dejun a fost bun, cu suficiente opÅ£iuni, iar cafeaua excelentÄƒ! Nu am servit altceva la restaurant, nu pot spune altceva despre mÃ¢ncare...","Parcarea la subsol este foarte dificilÄƒ, dacÄƒ ai o maÅŸinÄƒ mai mare sau este aglomerat, nu ai nicio ÅŸansÄƒ de a parca, sau, mai grav. de a ieÅŸi cu maÅŸina de acolo. Am avut noroc cÄƒ nu a fost aglomerat, altfel am fi renunÅ£at."
39,Superb,9,februarie 2025,"Curatenia, micul dejun, arhitectura, mobilierul, angajatii foarte ospitalieri, in mare totul a fost cum m-am asteptat.","Restaurantul proprietatii are diverse activitatii in restaurantul sau. Chiar daca programul este afisat si este anuntat, acest program nu se respecta. Ora 22 nu va fi niciodata ora de inchidere. recomand sa anuntati daca sunteti deranjat noaptea si se va gasi o cale amiabila. Eu asa am procedat si recomand asta pentru ca sigur se va rezolva.
Un alt minus este parcarea foarte ingusta! Daca nu sunteti stapan pe masina sau nu aveti experienta, nu exagerati daca ramaneti sa parcati afara si nu in parcarea subterana a proprietatii!"
39,Un experienta impresionanta !,10,ianuarie 2025,"Localizarea hotelului este putin cam departe de centru, dar se rezolva rapid cu Uber sau chiar tramvai, mai ales ca statia este chiar in fata hotelului. Daca aveti treaba la Romexpo, este perfect. Cat despre hotel, o bijuterie, cu incarcatura istorica. Camerele sunt spatioase, dotarile nu lipsesc, micul dejun foarte bun cu posibilitate si pentru cina sau pranz. In aceasta locatie au stat cateva personalitati importante. Are detalii frumoase de arhitectura. Parcare inclusa. Cu siguranta voi mai reveni. Recomand cu caldura.","Poate putin mai mare parcarea, dar se poate folosi cu putin indemanare si atentie."
39,Un hotel Ã®n care te Ã®ntorci cu plÄƒcere,9,decembrie 2024,"Hotel amenajat cu gust, cald, primitor È™i un mic dejun copios.","Echipa de curÄƒÈ›enie face zgomot intenÈ›ionat sÄƒ te trezeÈ™ti, pentru ca sÄƒ eliberezi camera pentru curÄƒÈ›enie mai repede, deÈ™i echipa vede pe uÈ™i semnele de nu deranjeati ! 
Din pÄƒcate pentru acest incident am dat doar nota 9, altfel hotelul merita nota 10."
39,Foarte bine,8,decembrie 2024,Stilpii de la parcare  ar fi bine sa fie rotunzi,
39,Superb,9,ianuarie 2025,"Personal amabil, mic dejun suficient si bun, camera calduroasaâ€¦","Pentru ca detine zona spa, a fost unul din motivele pt care am ales sa ne cazam aici, dar, din pacate nu functionauğŸ˜Š"
39,ExcepÅ£ional,10,decembrie 2024,"Curat,camera mare,Ã®ncÄƒlzire pardoseala,liniste,pat confortabil.",Nu am ce sa comentez!
39,Un conac in stil boieresc.,9,decembrie 2024,"Personalul, stilul boieresc al camerelor si restaurantului, apropierea de punctul de interes.",Nu a fost cazul.
39,Raport pret/calitate/locatie/servicii e f bun,8,decembrie 2024,"Toate facilitatile prezente si la zi,calitativ","miros de baie prezent in camera asemanator cu insecticidâ€¦.podeaua din lemn(indiciu?) 
Salteua si pernele nu sunt pt nivel de 4 stele! 
Parcarea la subsol e doar pt soferii cu indemanare!! ğŸ˜"
39,Superb,9,noiembrie 2024,,Ca nu am putut servi masa - cina la restaurantul vilei.
39,Sejur reuÈ™it,10,decembrie 2024,"Designul camerei, curÄƒÈ›enie, cÄƒldurÄƒ, mic dejun bun.",Parcarea prea micÄƒ.
39,ExcepÅ£ional,10,decembrie 2024,Totul siper OK,Nu e cazul
39,ExcepÅ£ional,10,decembrie 2024,"LocaÈ›ie liniÈ™titÄƒ, interiorul superb,  micul dejun bogat in preparate pentru toate gusturile.",
39,ExcepÅ£ional,10,decembrie 2024,"O locaÈ›ie liniÈ™titÄƒ camere confortabile È™i un
 restaurant excepÈ›ional. Parcare gratuitÄƒ Personalul foarte amabil",Nimic de reproÈ™at!
39,ExcepÅ£ional,10,noiembrie 2024,.,.
40,ExcepÅ£ional,10,septembrie 2024,CurÄƒÈ›enie È™i confort,
40,Totul ok...oameni de Ã®ncredere,9,iulie 2024,Zona e ok.....camera mare.... curatÄƒ....avea È™i balcon,Nu avea lift
40,ExcepÅ£ional,10,mai 2024,ğŸŒˆ,-
40,ExcepÅ£ional,10,mai 2024,"LiniÈ™te , curat , amabilitate , flexibilitate",Lipsa uscÄƒtor de pÄƒr È™i lipsa frigider Ã®n camerÄƒ
40,ExcepÅ£ional,10,mai 2024,Doamna de la cazare a fost foarte amabila. A raspuns la toate solicitatile.,
40,Superb,9,mai 2024,"Gazda foarte amabilÄƒ,camera foarte curata È™i spaÈ›ioasÄƒ plus liniste pe timpul nopÈ›ii.recomand cu drag!",
40,Personal dedicat.,9,martie 2024,"Gaza a fost disponibila si foarte amabila sa raspunda la intrebarile si neclaritatile pe care le-am avut.
Doresc sa multumesc pentru intelegerea gazdei fata de situatia in care ma gaseam cu fiica mea care nu se simtea bine.","Constructia acestei locaÈ›ii este realizata intr-un mod in care zgomotul sau convorbirile dintre persoane este receptionat/ perceput/ auzit intre peretii camerelor sau a holului.
Si poate fi un factor deranjant pt. un sejur mai lung."
40,ExcepÅ£ional,10,martie 2023,"Gazda foarte ok
Curat
Parcare exact in fata ferestrei",
40,Foarte bine,8,februarie 2023,Camerele  sunt mari si spatioase . Cred ca au fost renovate,Nu au mic dejun sau restaurant pentru cina
40,ExcepÅ£ional,10,aprilie 2025,,
40,ExcepÅ£ional,10,aprilie 2025,,
40,ExcepÅ£ional,10,iunie 2024,,
40,Superb,9,aprilie 2024,,
40,ExcepÅ£ional,10,noiembrie 2023,,
40,Superb,9,septembrie 2023,,
40,ExcepÅ£ional,10,Aug-23,,
40,ExcepÅ£ional,10,mai 2023,,
40,ExcepÅ£ional,10,martie 2023,,
40,Superb,9,ianuarie 2023,,
40,Superb,9,decembrie 2022,,
40,Superb,9,septembrie 2022,,
40,ExcepÅ£ional,10,septembrie 2022,,
40,ExcepÅ£ional,10,Aug-22,,
41,Superb,9,aprilie 2025,Totul a fost bine. Locatie excelenta.,Nimic de obiectat
41,ExcepÅ£ional,10,aprilie 2025,"LocaÈ›ie ,camera",
41,Superb,9,aprilie 2025,"Locatia, curatenia, parcarea gratuita",Nu exista dulap in camera si nici papuci de casa
41,"Foarte bine, de revenit",9,martie 2025,"Locatie linistita si asta a fost o surpriza placuta, patul confortabil, curat.",
41,ExcepÅ£ional,10,martie 2025,"Amplasarea, curatenia, , aspectul cochet al boutiq-ului.",
41,ExcepÅ£ional,10,martie 2025,Excelent din toate punctele de vedere. Nota 10+. Am gÄƒsit È™i loc de parcare in curte. Recomand cu Ã®ncredere. AÈ™ reveni oricÃ¢nd cu plÄƒcere.,-
41,LiniÈ™tit,10,decembrie 2024,"LocaÈ›ia este amplasatÄƒ central, foarte retrasÄƒ È™i liniÈ™titÄƒ","Mirosul de canalizare din baie, pereÈ›ii sunt destul de subÈ›iri È™i noaptea se auzea cum sforÄƒie unul dintre vecini"
41,Superb,9,noiembrie 2024,"Locatia amplasata central, cu acces rapid catre punctele de interes.
Camere amenajate cu gust, curate cu sistem de check-in/out la distanta.
Nu sunt multe camere, deci nu a existat galagie","Nu exista bucatarie, mic dejun, insa ne-am asumat acest lucru la rezervarea acestei locatii pt a 3a oara, deci nu e un impediment"
41,MeritÄƒ,10,noiembrie 2024,Totul super !,Intrarea Ã®n curtea care duce spre cazare !
41,ExcepÅ£ional,10,noiembrie 2024,"cladire foarte primitoare, foarte curata, foarte cald in camera, perfect pentru vizite scurte , locatie in zona foarte linistita, chiar daca este in zona de centru a Bucurestiului.",-
41,Superb,9,Aug-24,"deÈ™i nu e nimeni, indicaÈ›iile de intrare sunt foarte clare È™i nu am avut nicio problemÄƒ",
41,Cazare excelentÄƒ,10,octombrie 2024,"Cochet, curat, central, parcare gratuita Ã®n curte.","È˜tim cÄƒ asta e tendinÈ›a, de self check-in, È™i am È™tiut de la momentul rezervÄƒrii cÄƒ aÈ™a va fi. È˜i a decurs totul ok.
Nu pot sa nu-mi fie drag È™i dor de interacÈ›iunea umanÄƒ pe oriunde mergem, sa schimbi 2 vorbe cu gazda, sa te bucuri de atenÈ›ia si cÄƒldura ei, sÄƒ transforme È™ederea intr-o experienÈ›Äƒ memorabilÄƒ. E doar un moft pentru unii. Dar aceasta nevoie existÄƒ. 
Dvs v-ati respectat intru totul angajamentul promis la rezervare, È™i multumim pentru frumoasa cazare."
41,Am stat douÄƒ zile Ã®n condiÈ›ii excelente de cazare,10,octombrie 2024,"ZonÄƒ liniÈ™titÄƒ , camera spaÈ›ioasÄƒ, curatÄƒ, dotatÄƒ cu tot ce este necesar.",
41,Confortabil,9,octombrie 2024,Intimitatea amplasÄƒrii,Conexiunea slabÄƒ la Tv
41,Superb,9,octombrie 2024,"Camera adecvatÄƒ nevoilor noastre, f curatÄƒ. potrivitÄƒ È™i pentru familii.",
41,ExcepÅ£ional,10,septembrie 2024,A fost frumos...cu siguranÈ›Äƒ o sa mai  revenim...ne -a plÄƒcut È™i faptul ca hotelul este amplasat aproape de multe obiective turistice ...,
41,super,10,septembrie 2024,tot,
41,ExcepÅ£ional,10,septembrie 2024,"Foarte curat, poziÈ›ionare bunÄƒ , parcare Ã®n curte , liniÈ™tit, nou amenajat, camera mare, oferÄƒ cafea la parterul clÄƒdirii . Am avut camera 301, care se afla la etajul 2.",
41,ExcepÅ£ional,10,Aug-24,Cocheta,
41,Superb,10,Aug-24,,Lipsesc paharele din camerÄƒ È™i cafeaua de dimineaÈ›Äƒâ€¦dar nu voi depuncta
41,Minunat. Voi reveni sigur!,10,iulie 2024,"DotÄƒrile, stilul vintage, aer condiÈ›ionat, totul mirosea bine, cafeaua de la parter...","Ar fi necesar un dulÄƒpior mic pentru cÄƒ e neplÄƒcut sÄƒ Ã®È›i atÃ¢rni toate hainele Ã®n cuierul, suficient de mare, dar dacÄƒ stai mai mult..."
41,Minunat,10,mai 2024,O oaza de frumusete si liniste!,
41,ExcepÅ£ional,10,iunie 2024,"Accesibilitate , liniÈ™te, foarte curat.",
41,ExcepÅ£ional,10,iunie 2024,"Amplasare in zona centrala langa catedrala Sf. Iosif, aproape de zonele de interes centrale. Parcare in curtea interioara.",
42,ExcepÅ£ional,10,martie 2025,"CamerÄƒ spaÈ›ioasÄƒ,curatÄƒ",Nu are lift
42,Foarte bine,8,februarie 2025,"Am stat de multe ori la aceasta cazare si mereu a fost perfect, locatia, personalul, curatenia, din pacate de data aceasta, ni s-a parut foarte frig in camera, cu tot cu aerul conditionat dat drumul, tot nu s a facut suficient de cald.","A fost frig in camera desi se simtea pe alocuri pardoseala incalzita, aerul conditionat nu incalzea suficient de mult. 
In rest totul a fost perfect.
Ca sugestie, ar fi bine sa se rezolve cu internetul pe TV."
42,ExcepÅ£ional,10,ianuarie 2025,Total multumit de experienta apartamentului! Fiecare detaliu la locul lui si gandit. Recomand 100%!,
42,Locatie excelenta,10,decembrie 2024,"O locatie in care vom reveni cu siguranta ,totul a fost perfect ,foarte bine localizat in centrul Bucurestiului,mica atentie -un cos cu fructe proaspete in camera, halatele de baie si wc-ul japonez .Plus cafeaua.
In plus keyless ,nu mai ai grija daca ai pierdut cheia sau ai uitat-o in camera si autonomia de a te caza singur si simplu cand ajungi .",Mirosul de la canalizare
42,ExcepÅ£ional,10,noiembrie 2024,"locaÈ›ie bunÄƒ , totul aranjat cu  bun gust .",
42,O experienÈ›Äƒ placutÄƒ! Recomand cu drag!,10,septembrie 2024,"Personalul È™i interiorul clÄƒdirii ,precum È™i camerele dau o notÄƒ de confort numai bunÄƒ Ã®ntr-o vacanÈ›Äƒ!",
42,Foarte frumos È™i practic plus locaÈ›ie excelentÄƒ.,10,iunie 2024,"Foarte curat liniÈ™tit,locaÈ›ie in mijlocul centrului vechi .Foarte bine organizat check in.",N/A
42,ExcepÅ£ional,10,iunie 2024,Ok,
42,Superb,9,mai 2024,"Mi-a placut locatia, in centrul vechi al Bucurestiului, pe o strada linistita. 
Camera a fost spatioasa si frumos amenajata. 
Am avut inclus halat si papuci de unica folosinta, impreuna cu masa si fier de calcat.",Prea multe scari pana la dormitorul de la etajul 3.
42,Excelent,10,aprilie 2024,"Amplasarea fata de centrul vechi, perfecta.
Totul este extrem de curat, foarte confortabil patul.",As fi vrut un tirbuson sa pot deschide o sticla de vin
42,ExcepÅ£ional,10,martie 2024,"Cred ca este a 4a oara cand revenim, de fiecare cu drag. 
Totul perfect
Multumim!",
42,ExcepÅ£ional,10,februarie 2024,"Am fost foarte Ã®ncÃ¢ntaÈ›i È™i mulÈ›umiÈ›i de cazare. CondiÈ›ii foarte bune, spre excelent. LocaÈ›ia Ã®n centrul vechi al capitalei, Ã®nsÄƒ totul dotat cu tehnologie de ultima ora. Proprietarul nu a fÄƒcut rabat de la calitate È™i a acordat mare atenÈ›ie la detalii. Pentru cine Ã®È™i doreÈ™te sa petreacÄƒ timp intr-o zona veche, istorica, intr-o locaÈ›ie ce Ã®mbinÄƒ elemente de nou È™i vechi, aici este locul. Colaborarea cu proprietarul a fost pe mÄƒsurÄƒ aÈ™teptÄƒrilor. MulÈ›umim È™i vom reveni.",
42,Recomand !,10,noiembrie 2023,"PoziÈ›ia foarte bunÄƒ Ã®n centrul vechi, aproape de baruri, restaurante dar totodatÄƒ ai parte de  liniÈ™te sÄƒ te poÈ›i odihni .Locatia este nouÄƒ,curatÄƒ , amenajatÄƒ cu bun gust .Vom revenii cu drag !",Nu e cazul
42,Cel mai superb loc,10,octombrie 2023,Fara cuvinte impecabil,Era totul perfect
42,Ok,10,septembrie 2023,Totul ok,Un lift
42,Hotelul cu spaÈ›ii generoase,9,iulie 2023,LocaÈ›ia È™i clÄƒdirea sunt ok,"Mici probleme cu accesul Ã®n clÄƒdire, rezolvate dupÄƒ o discuÈ›ie telefonicÄƒ cu doamna administrator"
42,Ok,9,iulie 2023,"Locatie, curatenie,",Intrarea fara asistenta in imobil dupa ora 21 ( nu am avut codul la indemanaâ€¦daca se descarca telefonul ramai pe afara)
42,Confort Ã®n centrul capitalei,10,iunie 2023,"LocaÈ›ia este excelentÄƒ, clÄƒdirea È™i camera foarte frumos amenajate.",
42,Superb,9,iunie 2023,"CÃ¢nd priveÈ™ti pe ferestrÄƒ totul pare pustiu...clÄƒdiri vechi,cu istorie,Ã®n paraginÄƒ.Pentru turiÈ™tii strÄƒini,sigur nu vÄƒd cu ochi buni.Dar sunt romÃ¢n È™i apreciez toatÄƒ investiÈ›ia pe care proprietarul a fÄƒcut-o.Nu este este uÈ™or.MeritÄƒ toÈ›i banii È™i toatÄƒ aprecierea!Felul cum au gÃ¢ndit check-inul,prin aplicaÈ›ie...foarte simplu È™i inteligent! Respect È™i mult succes!",
42,ExcepÅ£ional,10,iunie 2023,"Fructe, ceai, cafea, apÄƒ toate din partea lor ğŸ™‚
Este o idee genialÄƒ.",-
42,Foarte bine,8,mai 2023,"Locatia centrala, stilul camerei,curatenia","Cladirea nu dispune de lift,esre o provocare sa ajungi la 6 pe niste scari in panta mare.Nu recomand locatia ptr persoane : cardiace,cu probleme osteo-articulare,obeze ,in virsta."
42,ExcepÅ£ional,10,mai 2023,"Camera este foarte drÄƒguÈ›Äƒ, cu tot confortul. Am stat doar o noapte, dar ne-am simÈ›it foarte bine. Confortabil, excelent amenajat, foarte bine utilat",
42,ExcepÅ£ional,10,aprilie 2023,"Am revenit pentru a 2a oara.
Curatenie, confort, fara probleme la apa calda/scurgere, cafea/ceai/apa, prosoape, halat, papuci, totul ca in pozele de pe site, amabilitate si suport din partea gazdelor si promptitudine pentru orice problema.
Multumim!","(Este doar o observatie minuscula, posibil aerul conditionat sa aiba nevoie sa fie curatat filtrul, emana un aer inchis putin, poate doar mi s a parut)"
42,Foarte bine,8,martie 2023,"Locatie, personalul, curatenie, am avut si o mica atentie din partea personalului care a fost foarte bine venita, baia curata, pahare de vin, apa, cafea, totul ca in poze si foarte cozy.","Un singur lucru pe care l am transmis deja gazdelor, am sesizat miros de tutun in camera si am fost nevoiti sa aerisim camera de cum am intrat. Insa lenjeria/ prosoapele erau foarte curate si miroseau a proaspat."
43,ExcepÅ£ional,10,mai 2025,"Liniste, discret",-
43,perfect,9,mai 2025,"Camera a fost curata, cocheta, si frumos amenajata. Exista facilitati pentru cafea si ceai care au fost grozave.","A fost un pic cam frig , dar cred ca nu am stiut eu cum sa reglez caldura, poate mai multe informatii  in acest sens ar fi binevenite.
Nu exista receptie , ar trebui mentionat acest fapt."
43,ExcepÅ£ional,10,octombrie 2024,"LocaÈ›ia,curÄƒÈ›enia, amabilitatea personalului, Ã®ntr-un cuvÃ¢nt totul OK",
43,Minunat,10,octombrie 2024,"Proprietatea este situata in centrul orasului, intr-o zona frumoasa si linistita. Apartamentul a fost extrem de dragut, nou, decorat si mobilat cu foarte mult bun gust. Totul a fost excelent, iar colaborarea cu gazda a fost de nota 10. Multumim mult!",
43,Superb,9,septembrie 2024,LocaÈ›ie,Camera la demisol
43,ExcepÅ£ional,10,iulie 2024,"As putea spune: cea mai frumoasa locaÈ›ie Ã®n care ne-am cazat pana acum! Amenajata cu mult bun gust, foarte confortabil... nimic de reproÈ™at!
FelicitÄƒri gazdelor!",
43,Foarte bine,8,iunie 2024,,"Am gÄƒsit gunoi Ã®n coÈ™ul de gunoi. 
Nu existÄƒ lift."
43,Un sejur reuÈ™it.,10,iunie 2024,"LocaÈ›ie foarte bunÄƒ, totul nou, curat, personal amabil, nu am avut probleme cu parcarea, se gÄƒseÈ™te loc pe strada din faÈ›a hotelului.",
43,"Dupa o zi foarte agitata, a fost exact oaza de liniste!",10,iunie 2024,"Zona linistita si cu putin noroc, loc de parcare.",
43,ExcepÅ£ional,10,martie 2024,Locatie extraordinara situatÄƒ intr-o zona liniÈ™titÄƒ a capitalei. Gazda a fost foarte amabilÄƒ. Camerele curate. O recomand cu drag.,
43,Relaxare Ã®n adevÄƒratul sens al cuvÃ¢ntului!,10,martie 2024,"Camera foarte frumoasÄƒ, curatÄƒ, personal amabil, zona bunÄƒ. O experienÈ›Äƒ excepÈ›ionalÄƒ!",
43,Excelent!,10,martie 2024,"LocaÈ›ia este Ã®n centrul capitalei, Ã®ntr-o zonÄƒ foarte liniÈ™titÄƒ,  foarte aproape de centrul vechi, cu restaurante Ã®n apropiere, se aflÄƒ la cÃ¢teva minute de metrou, iar accesul este facil cÄƒtre orice zonÄƒ a BucureÈ™tiului. Totul a fost la superlativ! Camere amenajate cu bun gust È™i confortabile. A fost o surprizÄƒ plÄƒcutÄƒ sÄƒ fim Ã®ntÃ¢mpinaÈ›i cu o sticlÄƒ de prosecco Ã®n camerÄƒ, iar dimineaÈ›a am avut cafea la dispoziÈ›ie. MeritÄƒ!",
43,Perfect!,10,martie 2024,"Un hotel boutique nou, ideal pentru a petrece cateva zile in inima BucureÈ™tiului, fara a fi deranjat de zgomotul orasului. 
Locatia este fix in centru, langa Piata Unirii, dar totusi ferita de aglomeratia din Piata, situandu-se pe o straduta laterala. 
Gazdele sunt foarte primitoare, tot timpul la dispozitia oaspetilor si cu un zambet pe buze. 
Camerele sunt cu bun-gust amenajate si cu facilitati moderne (Sistemul de check-in este practic o aplicatie pe telefon, deci se poate uita de stresul pierderii cheii).
AÈ™ternuturile si prosoapele sunt calitative si placute (comparabile cu alte hoteluri de 5 stele pe care le-am vizitat) iar curatenia este impecabila. 
Nu pot decat sa felicit gazdele pentru calitatea serviciului pe care il ofera si sa il recomand cu caldura.",
43,"Frumos, recomand",10,februarie 2024,"Camere deosebit amenajate si confortabile, foarte curate, locatia situata intr-o zona linistita, in centru si permite accesul pe jos sau cu metroul in punctele esentiale ale Bucurestiului. Voi reveni cu placere si cu alte ocazii.",
43,ExcepÅ£ional,10,mai 2025,,
43,ExcepÅ£ional,10,mai 2025,,
43,Superb,9,martie 2025,,
43,ExcepÅ£ional,10,februarie 2025,,
43,ExcepÅ£ional,10,februarie 2025,,
43,Raport corect calitate - pret,10,februarie 2025,,
43,ExcepÅ£ional,10,noiembrie 2024,,
43,ExcepÅ£ional,10,noiembrie 2024,,
43,ExcepÈ›ional,10,noiembrie 2024,,
43,ExcepÅ£ional,10,octombrie 2024,,
